figure_panel,tissue_dataset,regulator,heme_gene,spearman_R,p_value,data_source
Figure_4B,BLCA_Normal,ATAD2,ALAD,-0.15,0.54,GEPIA2 GTEx normal tissue RNA-seq
Figure_4B,BLCA_Normal,ATAD2,ALAS1,0.23,0.35,GEPIA2 GTEx normal tissue RNA-seq
Figure_4B,BLCA_Normal,ATAD2,CPOX,0.6,0.0077,GEPIA2 GTEx normal tissue RNA-seq
Figure_4B,BLCA_Normal,ATAD2,FECH,0.0035,0.99,GEPIA2 GTEx normal tissue RNA-seq
Figure_4B,BLCA_Normal,ATAD2,HMBS,0.64,0.003,GEPIA2 GTEx normal tissue RNA-seq
Figure_4B,BLCA_Normal,ATAD2,PPOX,-0.066,0.79,GEPIA2 GTEx normal tissue RNA-seq
Figure_4B,BLCA_Normal,ATAD2,UROD,-0.014,0.96,GEPIA2 GTEx normal tissue RNA-seq
Figure_4B,BLCA_Normal,ATAD2,UROS,-0.047,0.85,GEPIA2 GTEx normal tissue RNA-seq
Figure_4B,BLCA_Normal,BRD2,ALAD,-0.31,0.2,GEPIA2 GTEx normal tissue RNA-seq
Figure_4B,BLCA_Normal,BRD2,ALAS1,0.8,5.6e-05,GEPIA2 GTEx normal tissue RNA-seq
Figure_4B,BLCA_Normal,BRD2,CPOX,-0.19,0.44,GEPIA2 GTEx normal tissue RNA-seq
Figure_4B,BLCA_Normal,BRD2,FECH,-0.47,0.043,GEPIA2 GTEx normal tissue RNA-seq
Figure_4B,BLCA_Normal,BRD2,HMBS,-0.38,0.11,GEPIA2 GTEx normal tissue RNA-seq
Figure_4B,BLCA_Normal,BRD2,PPOX,0.14,0.58,GEPIA2 GTEx normal tissue RNA-seq
Figure_4B,BLCA_Normal,BRD2,UROD,-0.53,0.021,GEPIA2 GTEx normal tissue RNA-seq
Figure_4B,BLCA_Normal,BRD2,UROS,-0.63,0.0046,GEPIA2 GTEx normal tissue RNA-seq
Figure_4B,BLCA_Normal,BRD4,ALAD,0.38,0.11,GEPIA2 GTEx normal tissue RNA-seq
Figure_4B,BLCA_Normal,BRD4,ALAS1,-0.25,0.29,GEPIA2 GTEx normal tissue RNA-seq
Figure_4B,BLCA_Normal,BRD4,CPOX,-0.21,0.39,GEPIA2 GTEx normal tissue RNA-seq
Figure_4B,BLCA_Normal,BRD4,FECH,0.45,0.056,GEPIA2 GTEx normal tissue RNA-seq
Figure_4B,BLCA_Normal,BRD4,HMBS,-0.33,0.17,GEPIA2 GTEx normal tissue RNA-seq
Figure_4B,BLCA_Normal,BRD4,PPOX,-0.38,0.1,GEPIA2 GTEx normal tissue RNA-seq
Figure_4B,BLCA_Normal,BRD4,UROD,0.18,0.46,GEPIA2 GTEx normal tissue RNA-seq
Figure_4B,BLCA_Normal,BRD4,UROS,0.16,0.52,GEPIA2 GTEx normal tissue RNA-seq
Figure_4B,BLCA_Normal,H2AFZ,ALAD,0.047,0.85,GEPIA2 GTEx normal tissue RNA-seq
Figure_4B,BLCA_Normal,H2AFZ,ALAS1,-0.43,0.065,GEPIA2 GTEx normal tissue RNA-seq
Figure_4B,BLCA_Normal,H2AFZ,CPOX,0.061,0.8,GEPIA2 GTEx normal tissue RNA-seq
Figure_4B,BLCA_Normal,H2AFZ,FECH,0.29,0.23,GEPIA2 GTEx normal tissue RNA-seq
Figure_4B,BLCA_Normal,H2AFZ,HMBS,0.18,0.47,GEPIA2 GTEx normal tissue RNA-seq
Figure_4B,BLCA_Normal,H2AFZ,PPOX,-0.41,0.081,GEPIA2 GTEx normal tissue RNA-seq
Figure_4B,BLCA_Normal,H2AFZ,UROD,0.45,0.057,GEPIA2 GTEx normal tissue RNA-seq
Figure_4B,BLCA_Normal,H2AFZ,UROS,0.36,0.13,GEPIA2 GTEx normal tissue RNA-seq
Figure_4B,BRCA_Normal,ATAD2,ALAD,-0.024,0.8,GEPIA2 GTEx normal tissue RNA-seq
Figure_4B,BRCA_Normal,ATAD2,ALAS1,-0.28,0.0024,GEPIA2 GTEx normal tissue RNA-seq
Figure_4B,BRCA_Normal,ATAD2,CPOX,0.63,9.7e-14,GEPIA2 GTEx normal tissue RNA-seq
Figure_4B,BRCA_Normal,ATAD2,FECH,0.63,1.3e-13,GEPIA2 GTEx normal tissue RNA-seq
Figure_4B,BRCA_Normal,ATAD2,HMBS,0.15,0.11,GEPIA2 GTEx normal tissue RNA-seq
Figure_4B,BRCA_Normal,ATAD2,PPOX,0.53,2e-09,GEPIA2 GTEx normal tissue RNA-seq
Figure_4B,BRCA_Normal,ATAD2,UROD,-0.31,0.00081,GEPIA2 GTEx normal tissue RNA-seq
Figure_4B,BRCA_Normal,ATAD2,UROS,-0.15,0.1,GEPIA2 GTEx normal tissue RNA-seq
Figure_4B,BRCA_Normal,BRD2,ALAD,0.096,0.31,GEPIA2 GTEx normal tissue RNA-seq
Figure_4B,BRCA_Normal,BRD2,ALAS1,-0.052,0.58,GEPIA2 GTEx normal tissue RNA-seq
Figure_4B,BRCA_Normal,BRD2,CPOX,0.72,2.5e-19,GEPIA2 GTEx normal tissue RNA-seq
Figure_4B,BRCA_Normal,BRD2,FECH,0.61,1.1e-12,GEPIA2 GTEx normal tissue RNA-seq
Figure_4B,BRCA_Normal,BRD2,HMBS,0.14,0.15,GEPIA2 GTEx normal tissue RNA-seq
Figure_4B,BRCA_Normal,BRD2,PPOX,0.72,3.2e-19,GEPIA2 GTEx normal tissue RNA-seq
Figure_4B,BRCA_Normal,BRD2,UROD,-0.28,0.0028,GEPIA2 GTEx normal tissue RNA-seq
Figure_4B,BRCA_Normal,BRD2,UROS,-0.096,0.31,GEPIA2 GTEx normal tissue RNA-seq
Figure_4B,BRCA_Normal,BRD4,ALAD,0.15,0.13,GEPIA2 GTEx normal tissue RNA-seq
Figure_4B,BRCA_Normal,BRD4,ALAS1,-0.09,0.35,GEPIA2 GTEx normal tissue RNA-seq
Figure_4B,BRCA_Normal,BRD4,CPOX,0.68,3.2e-16,GEPIA2 GTEx normal tissue RNA-seq
Figure_4B,BRCA_Normal,BRD4,FECH,0.61,8e-13,GEPIA2 GTEx normal tissue RNA-seq
Figure_4B,BRCA_Normal,BRD4,HMBS,0.29,0.0018,GEPIA2 GTEx normal tissue RNA-seq
Figure_4B,BRCA_Normal,BRD4,PPOX,0.73,4.7e-20,GEPIA2 GTEx normal tissue RNA-seq
Figure_4B,BRCA_Normal,BRD4,UROD,-0.23,0.016,GEPIA2 GTEx normal tissue RNA-seq
Figure_4B,BRCA_Normal,BRD4,UROS,-0.1,0.29,GEPIA2 GTEx normal tissue RNA-seq
Figure_4B,BRCA_Normal,H2AFZ,ALAD,-0.37,5.9e-05,GEPIA2 GTEx normal tissue RNA-seq
Figure_4B,BRCA_Normal,H2AFZ,ALAS1,0.0068,0.94,GEPIA2 GTEx normal tissue RNA-seq
Figure_4B,BRCA_Normal,H2AFZ,CPOX,0.23,0.016,GEPIA2 GTEx normal tissue RNA-seq
Figure_4B,BRCA_Normal,H2AFZ,FECH,0.11,0.27,GEPIA2 GTEx normal tissue RNA-seq
Figure_4B,BRCA_Normal,H2AFZ,HMBS,0.25,0.0071,GEPIA2 GTEx normal tissue RNA-seq
Figure_4B,BRCA_Normal,H2AFZ,PPOX,0.38,3.1e-05,GEPIA2 GTEx normal tissue RNA-seq
Figure_4B,BRCA_Normal,H2AFZ,UROD,-0.052,0.59,GEPIA2 GTEx normal tissue RNA-seq
Figure_4B,BRCA_Normal,H2AFZ,UROS,0.19,0.044,GEPIA2 GTEx normal tissue RNA-seq
Figure_4B,CESC_Normal,ATAD2,ALAD,-0.5,1,GEPIA2 GTEx normal tissue RNA-seq
Figure_4B,CESC_Normal,ATAD2,ALAS1,-0.5,1,GEPIA2 GTEx normal tissue RNA-seq
Figure_4B,CESC_Normal,ATAD2,CPOX,-0.5,1,GEPIA2 GTEx normal tissue RNA-seq
Figure_4B,CESC_Normal,ATAD2,FECH,-0.5,1,GEPIA2 GTEx normal tissue RNA-seq
Figure_4B,CESC_Normal,ATAD2,HMBS,-0.5,1,GEPIA2 GTEx normal tissue RNA-seq
Figure_4B,CESC_Normal,ATAD2,PPOX,0.5,1,GEPIA2 GTEx normal tissue RNA-seq
Figure_4B,CESC_Normal,ATAD2,UROD,-0.5,1,GEPIA2 GTEx normal tissue RNA-seq
Figure_4B,CESC_Normal,ATAD2,UROS,-0.5,1,GEPIA2 GTEx normal tissue RNA-seq
Figure_4B,CESC_Normal,BRD2,ALAD,0.5,1,GEPIA2 GTEx normal tissue RNA-seq
Figure_4B,CESC_Normal,BRD2,ALAS1,-1.0,0.33,GEPIA2 GTEx normal tissue RNA-seq
Figure_4B,CESC_Normal,BRD2,CPOX,0.5,1,GEPIA2 GTEx normal tissue RNA-seq
Figure_4B,CESC_Normal,BRD2,FECH,0.5,1,GEPIA2 GTEx normal tissue RNA-seq
Figure_4B,CESC_Normal,BRD2,HMBS,0.5,1,GEPIA2 GTEx normal tissue RNA-seq
Figure_4B,CESC_Normal,BRD2,PPOX,1.0,0.33,GEPIA2 GTEx normal tissue RNA-seq
Figure_4B,CESC_Normal,BRD2,UROD,0.5,1,GEPIA2 GTEx normal tissue RNA-seq
Figure_4B,CESC_Normal,BRD2,UROS,0.5,1,GEPIA2 GTEx normal tissue RNA-seq
Figure_4B,CESC_Normal,BRD4,ALAD,0.5,1,GEPIA2 GTEx normal tissue RNA-seq
Figure_4B,CESC_Normal,BRD4,ALAS1,-1.0,0.33,GEPIA2 GTEx normal tissue RNA-seq
Figure_4B,CESC_Normal,BRD4,CPOX,0.5,1,GEPIA2 GTEx normal tissue RNA-seq
Figure_4B,CESC_Normal,BRD4,FECH,0.5,1,GEPIA2 GTEx normal tissue RNA-seq
Figure_4B,CESC_Normal,BRD4,HMBS,0.5,1,GEPIA2 GTEx normal tissue RNA-seq
Figure_4B,CESC_Normal,BRD4,PPOX,1.0,0.33,GEPIA2 GTEx normal tissue RNA-seq
Figure_4B,CESC_Normal,BRD4,UROD,0.5,1,GEPIA2 GTEx normal tissue RNA-seq
Figure_4B,CESC_Normal,BRD4,UROS,0.5,1,GEPIA2 GTEx normal tissue RNA-seq
Figure_4B,CESC_Normal,H2AFZ,ALAD,0.5,1,GEPIA2 GTEx normal tissue RNA-seq
Figure_4B,CESC_Normal,H2AFZ,ALAS1,0.5,1,GEPIA2 GTEx normal tissue RNA-seq
Figure_4B,CESC_Normal,H2AFZ,CPOX,0.5,1,GEPIA2 GTEx normal tissue RNA-seq
Figure_4B,CESC_Normal,H2AFZ,FECH,0.5,1,GEPIA2 GTEx normal tissue RNA-seq
Figure_4B,CESC_Normal,H2AFZ,HMBS,0.5,1,GEPIA2 GTEx normal tissue RNA-seq
Figure_4B,CESC_Normal,H2AFZ,PPOX,-0.5,1,GEPIA2 GTEx normal tissue RNA-seq
Figure_4B,CESC_Normal,H2AFZ,UROD,0.5,1,GEPIA2 GTEx normal tissue RNA-seq
Figure_4B,CESC_Normal,H2AFZ,UROS,0.5,1,GEPIA2 GTEx normal tissue RNA-seq
Figure_4B,CHOL_Normal,ATAD2,ALAD,0.042,0.91,GEPIA2 GTEx normal tissue RNA-seq
Figure_4B,CHOL_Normal,ATAD2,ALAS1,-0.075,0.85,GEPIA2 GTEx normal tissue RNA-seq
Figure_4B,CHOL_Normal,ATAD2,CPOX,-0.11,0.78,GEPIA2 GTEx normal tissue RNA-seq
Figure_4B,CHOL_Normal,ATAD2,FECH,0.025,0.95,GEPIA2 GTEx normal tissue RNA-seq
Figure_4B,CHOL_Normal,ATAD2,HMBS,-0.43,0.25,GEPIA2 GTEx normal tissue RNA-seq
Figure_4B,CHOL_Normal,ATAD2,PPOX,-0.35,0.35,GEPIA2 GTEx normal tissue RNA-seq
Figure_4B,CHOL_Normal,ATAD2,UROD,-0.7,0.035,GEPIA2 GTEx normal tissue RNA-seq
Figure_4B,CHOL_Normal,ATAD2,UROS,-0.33,0.38,GEPIA2 GTEx normal tissue RNA-seq
Figure_4B,CHOL_Normal,BRD2,ALAD,-0.1,0.81,GEPIA2 GTEx normal tissue RNA-seq
Figure_4B,CHOL_Normal,BRD2,ALAS1,0.75,0.025,GEPIA2 GTEx normal tissue RNA-seq
Figure_4B,CHOL_Normal,BRD2,CPOX,-0.53,0.15,GEPIA2 GTEx normal tissue RNA-seq
Figure_4B,CHOL_Normal,BRD2,FECH,-0.42,0.27,GEPIA2 GTEx normal tissue RNA-seq
Figure_4B,CHOL_Normal,BRD2,HMBS,-0.4,0.29,GEPIA2 GTEx normal tissue RNA-seq
Figure_4B,CHOL_Normal,BRD2,PPOX,-0.067,0.88,GEPIA2 GTEx normal tissue RNA-seq
Figure_4B,CHOL_Normal,BRD2,UROD,-0.42,0.27,GEPIA2 GTEx normal tissue RNA-seq
Figure_4B,CHOL_Normal,BRD2,UROS,-0.45,0.23,GEPIA2 GTEx normal tissue RNA-seq
Figure_4B,CHOL_Normal,BRD4,ALAD,0.13,0.74,GEPIA2 GTEx normal tissue RNA-seq
Figure_4B,CHOL_Normal,BRD4,ALAS1,0.72,0.037,GEPIA2 GTEx normal tissue RNA-seq
Figure_4B,CHOL_Normal,BRD4,CPOX,0.18,0.64,GEPIA2 GTEx normal tissue RNA-seq
Figure_4B,CHOL_Normal,BRD4,FECH,0.28,0.46,GEPIA2 GTEx normal tissue RNA-seq
Figure_4B,CHOL_Normal,BRD4,HMBS,0.017,0.98,GEPIA2 GTEx normal tissue RNA-seq
Figure_4B,CHOL_Normal,BRD4,PPOX,0.37,0.34,GEPIA2 GTEx normal tissue RNA-seq
Figure_4B,CHOL_Normal,BRD4,UROD,0.1,0.81,GEPIA2 GTEx normal tissue RNA-seq
Figure_4B,CHOL_Normal,BRD4,UROS,-0.18,0.64,GEPIA2 GTEx normal tissue RNA-seq
Figure_4B,CHOL_Normal,H2AFZ,ALAD,-0.23,0.55,GEPIA2 GTEx normal tissue RNA-seq
Figure_4B,CHOL_Normal,H2AFZ,ALAS1,0.38,0.31,GEPIA2 GTEx normal tissue RNA-seq
Figure_4B,CHOL_Normal,H2AFZ,CPOX,0.067,0.88,GEPIA2 GTEx normal tissue RNA-seq
Figure_4B,CHOL_Normal,H2AFZ,FECH,0.067,0.88,GEPIA2 GTEx normal tissue RNA-seq
Figure_4B,CHOL_Normal,H2AFZ,HMBS,0.63,0.076,GEPIA2 GTEx normal tissue RNA-seq
Figure_4B,CHOL_Normal,H2AFZ,PPOX,0.083,0.84,GEPIA2 GTEx normal tissue RNA-seq
Figure_4B,CHOL_Normal,H2AFZ,UROD,0.42,0.27,GEPIA2 GTEx normal tissue RNA-seq
Figure_4B,CHOL_Normal,H2AFZ,UROS,0.35,0.36,GEPIA2 GTEx normal tissue RNA-seq
Figure_4B,COAD_Normal,ATAD2,ALAD,-0.16,0.33,GEPIA2 GTEx normal tissue RNA-seq
Figure_4B,COAD_Normal,ATAD2,ALAS1,0.12,0.45,GEPIA2 GTEx normal tissue RNA-seq
Figure_4B,COAD_Normal,ATAD2,CPOX,0.52,0.00047,GEPIA2 GTEx normal tissue RNA-seq
Figure_4B,COAD_Normal,ATAD2,FECH,0.01,0.95,GEPIA2 GTEx normal tissue RNA-seq
Figure_4B,COAD_Normal,ATAD2,HMBS,0.63,1.2e-05,GEPIA2 GTEx normal tissue RNA-seq
Figure_4B,COAD_Normal,ATAD2,PPOX,0.061,0.71,GEPIA2 GTEx normal tissue RNA-seq
Figure_4B,COAD_Normal,ATAD2,UROD,-0.24,0.12,GEPIA2 GTEx normal tissue RNA-seq
Figure_4B,COAD_Normal,ATAD2,UROS,0.098,0.54,GEPIA2 GTEx normal tissue RNA-seq
Figure_4B,COAD_Normal,BRD2,ALAD,0.066,0.68,GEPIA2 GTEx normal tissue RNA-seq
Figure_4B,COAD_Normal,BRD2,ALAS1,0.2,0.21,GEPIA2 GTEx normal tissue RNA-seq
Figure_4B,COAD_Normal,BRD2,CPOX,0.47,0.0021,GEPIA2 GTEx normal tissue RNA-seq
Figure_4B,COAD_Normal,BRD2,FECH,0.08,0.62,GEPIA2 GTEx normal tissue RNA-seq
Figure_4B,COAD_Normal,BRD2,HMBS,0.27,0.094,GEPIA2 GTEx normal tissue RNA-seq
Figure_4B,COAD_Normal,BRD2,PPOX,0.22,0.16,GEPIA2 GTEx normal tissue RNA-seq
Figure_4B,COAD_Normal,BRD2,UROD,-0.28,0.074,GEPIA2 GTEx normal tissue RNA-seq
Figure_4B,COAD_Normal,BRD2,UROS,-0.089,0.58,GEPIA2 GTEx normal tissue RNA-seq
Figure_4B,COAD_Normal,BRD4,ALAD,0.26,0.099,GEPIA2 GTEx normal tissue RNA-seq
Figure_4B,COAD_Normal,BRD4,ALAS1,0.1,0.52,GEPIA2 GTEx normal tissue RNA-seq
Figure_4B,COAD_Normal,BRD4,CPOX,0.43,0.0049,GEPIA2 GTEx normal tissue RNA-seq
Figure_4B,COAD_Normal,BRD4,FECH,-0.093,0.56,GEPIA2 GTEx normal tissue RNA-seq
Figure_4B,COAD_Normal,BRD4,HMBS,0.07,0.67,GEPIA2 GTEx normal tissue RNA-seq
Figure_4B,COAD_Normal,BRD4,PPOX,0.25,0.12,GEPIA2 GTEx normal tissue RNA-seq
Figure_4B,COAD_Normal,BRD4,UROD,-0.32,0.043,GEPIA2 GTEx normal tissue RNA-seq
Figure_4B,COAD_Normal,BRD4,UROS,-0.11,0.47,GEPIA2 GTEx normal tissue RNA-seq
Figure_4B,COAD_Normal,H2AFZ,ALAD,-0.45,0.0033,GEPIA2 GTEx normal tissue RNA-seq
Figure_4B,COAD_Normal,H2AFZ,ALAS1,-0.15,0.36,GEPIA2 GTEx normal tissue RNA-seq
Figure_4B,COAD_Normal,H2AFZ,CPOX,0.067,0.68,GEPIA2 GTEx normal tissue RNA-seq
Figure_4B,COAD_Normal,H2AFZ,FECH,0.1,0.52,GEPIA2 GTEx normal tissue RNA-seq
Figure_4B,COAD_Normal,H2AFZ,HMBS,0.7,8.6e-07,GEPIA2 GTEx normal tissue RNA-seq
Figure_4B,COAD_Normal,H2AFZ,PPOX,-0.013,0.93,GEPIA2 GTEx normal tissue RNA-seq
Figure_4B,COAD_Normal,H2AFZ,UROD,0.21,0.18,GEPIA2 GTEx normal tissue RNA-seq
Figure_4B,COAD_Normal,H2AFZ,UROS,0.55,0.00028,GEPIA2 GTEx normal tissue RNA-seq
Figure_4B,ESCA_Normal,ATAD2,ALAD,0.5,0.085,GEPIA2 GTEx normal tissue RNA-seq
Figure_4B,ESCA_Normal,ATAD2,ALAS1,0.7,0.01,GEPIA2 GTEx normal tissue RNA-seq
Figure_4B,ESCA_Normal,ATAD2,CPOX,0.44,0.14,GEPIA2 GTEx normal tissue RNA-seq
Figure_4B,ESCA_Normal,ATAD2,FECH,0.34,0.25,GEPIA2 GTEx normal tissue RNA-seq
Figure_4B,ESCA_Normal,ATAD2,HMBS,0.59,0.036,GEPIA2 GTEx normal tissue RNA-seq
Figure_4B,ESCA_Normal,ATAD2,PPOX,0.46,0.11,GEPIA2 GTEx normal tissue RNA-seq
Figure_4B,ESCA_Normal,ATAD2,UROD,0.51,0.078,GEPIA2 GTEx normal tissue RNA-seq
Figure_4B,ESCA_Normal,ATAD2,UROS,0.67,0.015,GEPIA2 GTEx normal tissue RNA-seq
Figure_4B,ESCA_Normal,BRD2,ALAD,0.18,0.57,GEPIA2 GTEx normal tissue RNA-seq
Figure_4B,ESCA_Normal,BRD2,ALAS1,0.79,0.0023,GEPIA2 GTEx normal tissue RNA-seq
Figure_4B,ESCA_Normal,BRD2,CPOX,0.71,0.0088,GEPIA2 GTEx normal tissue RNA-seq
Figure_4B,ESCA_Normal,BRD2,FECH,0.7,0.0096,GEPIA2 GTEx normal tissue RNA-seq
Figure_4B,ESCA_Normal,BRD2,HMBS,0.75,0.0044,GEPIA2 GTEx normal tissue RNA-seq
Figure_4B,ESCA_Normal,BRD2,PPOX,0.64,0.021,GEPIA2 GTEx normal tissue RNA-seq
Figure_4B,ESCA_Normal,BRD2,UROD,0.87,0.00012,GEPIA2 GTEx normal tissue RNA-seq
Figure_4B,ESCA_Normal,BRD2,UROS,0.97,0,GEPIA2 GTEx normal tissue RNA-seq
Figure_4B,ESCA_Normal,BRD4,ALAD,0.21,0.48,GEPIA2 GTEx normal tissue RNA-seq
Figure_4B,ESCA_Normal,BRD4,ALAS1,0.72,0.0075,GEPIA2 GTEx normal tissue RNA-seq
Figure_4B,ESCA_Normal,BRD4,CPOX,0.69,0.011,GEPIA2 GTEx normal tissue RNA-seq
Figure_4B,ESCA_Normal,BRD4,FECH,0.82,0.0011,GEPIA2 GTEx normal tissue RNA-seq
Figure_4B,ESCA_Normal,BRD4,HMBS,0.7,0.0096,GEPIA2 GTEx normal tissue RNA-seq
Figure_4B,ESCA_Normal,BRD4,PPOX,0.6,0.032,GEPIA2 GTEx normal tissue RNA-seq
Figure_4B,ESCA_Normal,BRD4,UROD,0.92,0,GEPIA2 GTEx normal tissue RNA-seq
Figure_4B,ESCA_Normal,BRD4,UROS,0.96,0,GEPIA2 GTEx normal tissue RNA-seq
Figure_4B,ESCA_Normal,H2AFZ,ALAD,-0.21,0.48,GEPIA2 GTEx normal tissue RNA-seq
Figure_4B,ESCA_Normal,H2AFZ,ALAS1,0.79,0.0021,GEPIA2 GTEx normal tissue RNA-seq
Figure_4B,ESCA_Normal,H2AFZ,CPOX,0.84,0.00054,GEPIA2 GTEx normal tissue RNA-seq
Figure_4B,ESCA_Normal,H2AFZ,FECH,0.69,0.011,GEPIA2 GTEx normal tissue RNA-seq
Figure_4B,ESCA_Normal,H2AFZ,HMBS,0.87,0.00012,GEPIA2 GTEx normal tissue RNA-seq
Figure_4B,ESCA_Normal,H2AFZ,PPOX,0.45,0.12,GEPIA2 GTEx normal tissue RNA-seq
Figure_4B,ESCA_Normal,H2AFZ,UROD,0.77,0.0033,GEPIA2 GTEx normal tissue RNA-seq
Figure_4B,ESCA_Normal,H2AFZ,UROS,0.86,0.00026,GEPIA2 GTEx normal tissue RNA-seq
Figure_4B,HNSC_Normal,ATAD2,ALAD,0.29,0.057,GEPIA2 GTEx normal tissue RNA-seq
Figure_4B,HNSC_Normal,ATAD2,ALAS1,0.24,0.12,GEPIA2 GTEx normal tissue RNA-seq
Figure_4B,HNSC_Normal,ATAD2,CPOX,0.82,0,GEPIA2 GTEx normal tissue RNA-seq
Figure_4B,HNSC_Normal,ATAD2,FECH,0.23,0.13,GEPIA2 GTEx normal tissue RNA-seq
Figure_4B,HNSC_Normal,ATAD2,HMBS,0.2,0.2,GEPIA2 GTEx normal tissue RNA-seq
Figure_4B,HNSC_Normal,ATAD2,PPOX,0.026,0.87,GEPIA2 GTEx normal tissue RNA-seq
Figure_4B,HNSC_Normal,ATAD2,UROD,-0.44,0.003,GEPIA2 GTEx normal tissue RNA-seq
Figure_4B,HNSC_Normal,ATAD2,UROS,-0.41,0.0056,GEPIA2 GTEx normal tissue RNA-seq
Figure_4B,HNSC_Normal,BRD2,ALAD,0.36,0.017,GEPIA2 GTEx normal tissue RNA-seq
Figure_4B,HNSC_Normal,BRD2,ALAS1,0.35,0.022,GEPIA2 GTEx normal tissue RNA-seq
Figure_4B,HNSC_Normal,BRD2,CPOX,0.56,8.7e-05,GEPIA2 GTEx normal tissue RNA-seq
Figure_4B,HNSC_Normal,BRD2,FECH,0.12,0.43,GEPIA2 GTEx normal tissue RNA-seq
Figure_4B,HNSC_Normal,BRD2,HMBS,0.16,0.29,GEPIA2 GTEx normal tissue RNA-seq
Figure_4B,HNSC_Normal,BRD2,PPOX,0.23,0.14,GEPIA2 GTEx normal tissue RNA-seq
Figure_4B,HNSC_Normal,BRD2,UROD,-0.072,0.64,GEPIA2 GTEx normal tissue RNA-seq
Figure_4B,HNSC_Normal,BRD2,UROS,-0.19,0.22,GEPIA2 GTEx normal tissue RNA-seq
Figure_4B,HNSC_Normal,BRD4,ALAD,0.56,9.5e-05,GEPIA2 GTEx normal tissue RNA-seq
Figure_4B,HNSC_Normal,BRD4,ALAS1,0.42,0.0051,GEPIA2 GTEx normal tissue RNA-seq
Figure_4B,HNSC_Normal,BRD4,CPOX,0.61,1.5e-05,GEPIA2 GTEx normal tissue RNA-seq
Figure_4B,HNSC_Normal,BRD4,FECH,0.39,0.01,GEPIA2 GTEx normal tissue RNA-seq
Figure_4B,HNSC_Normal,BRD4,HMBS,0.032,0.84,GEPIA2 GTEx normal tissue RNA-seq
Figure_4B,HNSC_Normal,BRD4,PPOX,0.17,0.28,GEPIA2 GTEx normal tissue RNA-seq
Figure_4B,HNSC_Normal,BRD4,UROD,-0.042,0.79,GEPIA2 GTEx normal tissue RNA-seq
Figure_4B,HNSC_Normal,BRD4,UROS,-0.11,0.47,GEPIA2 GTEx normal tissue RNA-seq
Figure_4B,HNSC_Normal,H2AFZ,ALAD,0.16,0.31,GEPIA2 GTEx normal tissue RNA-seq
Figure_4B,HNSC_Normal,H2AFZ,ALAS1,0.2,0.19,GEPIA2 GTEx normal tissue RNA-seq
Figure_4B,HNSC_Normal,H2AFZ,CPOX,0.66,2.2e-06,GEPIA2 GTEx normal tissue RNA-seq
Figure_4B,HNSC_Normal,H2AFZ,FECH,0.068,0.66,GEPIA2 GTEx normal tissue RNA-seq
Figure_4B,HNSC_Normal,H2AFZ,HMBS,0.45,0.0023,GEPIA2 GTEx normal tissue RNA-seq
Figure_4B,HNSC_Normal,H2AFZ,PPOX,0.039,0.8,GEPIA2 GTEx normal tissue RNA-seq
Figure_4B,HNSC_Normal,H2AFZ,UROD,-0.34,0.025,GEPIA2 GTEx normal tissue RNA-seq
Figure_4B,HNSC_Normal,H2AFZ,UROS,-0.36,0.017,GEPIA2 GTEx normal tissue RNA-seq
Figure_4B,KICH_Normal,ATAD2,ALAD,-0.41,0.04,GEPIA2 GTEx normal tissue RNA-seq
Figure_4B,KICH_Normal,ATAD2,ALAS1,-0.18,0.39,GEPIA2 GTEx normal tissue RNA-seq
Figure_4B,KICH_Normal,ATAD2,CPOX,0.51,0.0091,GEPIA2 GTEx normal tissue RNA-seq
Figure_4B,KICH_Normal,ATAD2,FECH,0.18,0.38,GEPIA2 GTEx normal tissue RNA-seq
Figure_4B,KICH_Normal,ATAD2,HMBS,0.14,0.49,GEPIA2 GTEx normal tissue RNA-seq
Figure_4B,KICH_Normal,ATAD2,PPOX,0.42,0.036,GEPIA2 GTEx normal tissue RNA-seq
Figure_4B,KICH_Normal,ATAD2,UROD,-0.14,0.51,GEPIA2 GTEx normal tissue RNA-seq
Figure_4B,KICH_Normal,ATAD2,UROS,-0.25,0.24,GEPIA2 GTEx normal tissue RNA-seq
Figure_4B,KICH_Normal,BRD2,ALAD,-0.45,0.026,GEPIA2 GTEx normal tissue RNA-seq
Figure_4B,KICH_Normal,BRD2,ALAS1,0.068,0.75,GEPIA2 GTEx normal tissue RNA-seq
Figure_4B,KICH_Normal,BRD2,CPOX,0.38,0.064,GEPIA2 GTEx normal tissue RNA-seq
Figure_4B,KICH_Normal,BRD2,FECH,0.21,0.3,GEPIA2 GTEx normal tissue RNA-seq
Figure_4B,KICH_Normal,BRD2,HMBS,-0.05,0.81,GEPIA2 GTEx normal tissue RNA-seq
Figure_4B,KICH_Normal,BRD2,PPOX,0.18,0.38,GEPIA2 GTEx normal tissue RNA-seq
Figure_4B,KICH_Normal,BRD2,UROD,-0.32,0.11,GEPIA2 GTEx normal tissue RNA-seq
Figure_4B,KICH_Normal,BRD2,UROS,-0.33,0.1,GEPIA2 GTEx normal tissue RNA-seq
Figure_4B,KICH_Normal,BRD4,ALAD,-0.38,0.064,GEPIA2 GTEx normal tissue RNA-seq
Figure_4B,KICH_Normal,BRD4,ALAS1,0.28,0.18,GEPIA2 GTEx normal tissue RNA-seq
Figure_4B,KICH_Normal,BRD4,CPOX,0.31,0.13,GEPIA2 GTEx normal tissue RNA-seq
Figure_4B,KICH_Normal,BRD4,FECH,0.063,0.76,GEPIA2 GTEx normal tissue RNA-seq
Figure_4B,KICH_Normal,BRD4,HMBS,-0.24,0.26,GEPIA2 GTEx normal tissue RNA-seq
Figure_4B,KICH_Normal,BRD4,PPOX,0.021,0.92,GEPIA2 GTEx normal tissue RNA-seq
Figure_4B,KICH_Normal,BRD4,UROD,-0.38,0.058,GEPIA2 GTEx normal tissue RNA-seq
Figure_4B,KICH_Normal,BRD4,UROS,-0.55,0.0047,GEPIA2 GTEx normal tissue RNA-seq
Figure_4B,KICH_Normal,H2AFZ,ALAD,-0.59,0.0023,GEPIA2 GTEx normal tissue RNA-seq
Figure_4B,KICH_Normal,H2AFZ,ALAS1,-0.27,0.2,GEPIA2 GTEx normal tissue RNA-seq
Figure_4B,KICH_Normal,H2AFZ,CPOX,-0.088,0.67,GEPIA2 GTEx normal tissue RNA-seq
Figure_4B,KICH_Normal,H2AFZ,FECH,0.17,0.41,GEPIA2 GTEx normal tissue RNA-seq
Figure_4B,KICH_Normal,H2AFZ,HMBS,0.62,0.0011,GEPIA2 GTEx normal tissue RNA-seq
Figure_4B,KICH_Normal,H2AFZ,PPOX,0.57,0.0032,GEPIA2 GTEx normal tissue RNA-seq
Figure_4B,KICH_Normal,H2AFZ,UROD,0.5,0.01,GEPIA2 GTEx normal tissue RNA-seq
Figure_4B,KICH_Normal,H2AFZ,UROS,0.48,0.015,GEPIA2 GTEx normal tissue RNA-seq
Figure_4B,KIRC_Normal,ATAD2,ALAD,-0.39,0.00075,GEPIA2 GTEx normal tissue RNA-seq
Figure_4B,KIRC_Normal,ATAD2,ALAS1,0.33,0.0046,GEPIA2 GTEx normal tissue RNA-seq
Figure_4B,KIRC_Normal,ATAD2,CPOX,0.74,7.5e-14,GEPIA2 GTEx normal tissue RNA-seq
Figure_4B,KIRC_Normal,ATAD2,FECH,-0.0042,0.97,GEPIA2 GTEx normal tissue RNA-seq
Figure_4B,KIRC_Normal,ATAD2,HMBS,0.47,3.6e-05,GEPIA2 GTEx normal tissue RNA-seq
Figure_4B,KIRC_Normal,ATAD2,PPOX,0.14,0.25,GEPIA2 GTEx normal tissue RNA-seq
Figure_4B,KIRC_Normal,ATAD2,UROD,0.22,0.069,GEPIA2 GTEx normal tissue RNA-seq
Figure_4B,KIRC_Normal,ATAD2,UROS,0.15,0.22,GEPIA2 GTEx normal tissue RNA-seq
Figure_4B,KIRC_Normal,BRD2,ALAD,-0.26,0.025,GEPIA2 GTEx normal tissue RNA-seq
Figure_4B,KIRC_Normal,BRD2,ALAS1,0.61,1.8e-08,GEPIA2 GTEx normal tissue RNA-seq
Figure_4B,KIRC_Normal,BRD2,CPOX,0.56,2.6e-07,GEPIA2 GTEx normal tissue RNA-seq
Figure_4B,KIRC_Normal,BRD2,FECH,0.28,0.016,GEPIA2 GTEx normal tissue RNA-seq
Figure_4B,KIRC_Normal,BRD2,HMBS,0.47,3.1e-05,GEPIA2 GTEx normal tissue RNA-seq
Figure_4B,KIRC_Normal,BRD2,PPOX,0.37,0.0015,GEPIA2 GTEx normal tissue RNA-seq
Figure_4B,KIRC_Normal,BRD2,UROD,0.15,0.2,GEPIA2 GTEx normal tissue RNA-seq
Figure_4B,KIRC_Normal,BRD2,UROS,0.17,0.15,GEPIA2 GTEx normal tissue RNA-seq
Figure_4B,KIRC_Normal,BRD4,ALAD,-0.13,0.26,GEPIA2 GTEx normal tissue RNA-seq
Figure_4B,KIRC_Normal,BRD4,ALAS1,0.58,1.6e-07,GEPIA2 GTEx normal tissue RNA-seq
Figure_4B,KIRC_Normal,BRD4,CPOX,0.48,2e-05,GEPIA2 GTEx normal tissue RNA-seq
Figure_4B,KIRC_Normal,BRD4,FECH,0.28,0.017,GEPIA2 GTEx normal tissue RNA-seq
Figure_4B,KIRC_Normal,BRD4,HMBS,0.34,0.0034,GEPIA2 GTEx normal tissue RNA-seq
Figure_4B,KIRC_Normal,BRD4,PPOX,0.35,0.0025,GEPIA2 GTEx normal tissue RNA-seq
Figure_4B,KIRC_Normal,BRD4,UROD,0.14,0.25,GEPIA2 GTEx normal tissue RNA-seq
Figure_4B,KIRC_Normal,BRD4,UROS,0.084,0.48,GEPIA2 GTEx normal tissue RNA-seq
Figure_4B,KIRC_Normal,H2AFZ,ALAD,-0.46,6.3e-05,GEPIA2 GTEx normal tissue RNA-seq
Figure_4B,KIRC_Normal,H2AFZ,ALAS1,0.35,0.0027,GEPIA2 GTEx normal tissue RNA-seq
Figure_4B,KIRC_Normal,H2AFZ,CPOX,0.47,3.1e-05,GEPIA2 GTEx normal tissue RNA-seq
Figure_4B,KIRC_Normal,H2AFZ,FECH,0.065,0.59,GEPIA2 GTEx normal tissue RNA-seq
Figure_4B,KIRC_Normal,H2AFZ,HMBS,0.79,1.5e-16,GEPIA2 GTEx normal tissue RNA-seq
Figure_4B,KIRC_Normal,H2AFZ,PPOX,0.42,0.00024,GEPIA2 GTEx normal tissue RNA-seq
Figure_4B,KIRC_Normal,H2AFZ,UROD,0.55,5.9e-07,GEPIA2 GTEx normal tissue RNA-seq
Figure_4B,KIRC_Normal,H2AFZ,UROS,0.49,1.6e-05,GEPIA2 GTEx normal tissue RNA-seq
Figure_4B,KIRP_Normal,ATAD2,ALAD,-0.51,0.0026,GEPIA2 GTEx normal tissue RNA-seq
Figure_4B,KIRP_Normal,ATAD2,ALAS1,0.53,0.0018,GEPIA2 GTEx normal tissue RNA-seq
Figure_4B,KIRP_Normal,ATAD2,CPOX,0.65,5.4e-05,GEPIA2 GTEx normal tissue RNA-seq
Figure_4B,KIRP_Normal,ATAD2,FECH,0.041,0.82,GEPIA2 GTEx normal tissue RNA-seq
Figure_4B,KIRP_Normal,ATAD2,HMBS,0.47,0.0065,GEPIA2 GTEx normal tissue RNA-seq
Figure_4B,KIRP_Normal,ATAD2,PPOX,0.62,0.00014,GEPIA2 GTEx normal tissue RNA-seq
Figure_4B,KIRP_Normal,ATAD2,UROD,0.29,0.11,GEPIA2 GTEx normal tissue RNA-seq
Figure_4B,KIRP_Normal,ATAD2,UROS,0.19,0.31,GEPIA2 GTEx normal tissue RNA-seq
Figure_4B,KIRP_Normal,BRD2,ALAD,-0.48,0.0062,GEPIA2 GTEx normal tissue RNA-seq
Figure_4B,KIRP_Normal,BRD2,ALAS1,0.6,0.00037,GEPIA2 GTEx normal tissue RNA-seq
Figure_4B,KIRP_Normal,BRD2,CPOX,0.53,0.0016,GEPIA2 GTEx normal tissue RNA-seq
Figure_4B,KIRP_Normal,BRD2,FECH,0.25,0.16,GEPIA2 GTEx normal tissue RNA-seq
Figure_4B,KIRP_Normal,BRD2,HMBS,0.42,0.018,GEPIA2 GTEx normal tissue RNA-seq
Figure_4B,KIRP_Normal,BRD2,PPOX,0.63,0.00011,GEPIA2 GTEx normal tissue RNA-seq
Figure_4B,KIRP_Normal,BRD2,UROD,0.34,0.055,GEPIA2 GTEx normal tissue RNA-seq
Figure_4B,KIRP_Normal,BRD2,UROS,0.28,0.12,GEPIA2 GTEx normal tissue RNA-seq
Figure_4B,KIRP_Normal,BRD4,ALAD,-0.18,0.31,GEPIA2 GTEx normal tissue RNA-seq
Figure_4B,KIRP_Normal,BRD4,ALAS1,0.55,0.0011,GEPIA2 GTEx normal tissue RNA-seq
Figure_4B,KIRP_Normal,BRD4,CPOX,0.35,0.048,GEPIA2 GTEx normal tissue RNA-seq
Figure_4B,KIRP_Normal,BRD4,FECH,0.27,0.13,GEPIA2 GTEx normal tissue RNA-seq
Figure_4B,KIRP_Normal,BRD4,HMBS,0.27,0.14,GEPIA2 GTEx normal tissue RNA-seq
Figure_4B,KIRP_Normal,BRD4,PPOX,0.47,0.0066,GEPIA2 GTEx normal tissue RNA-seq
Figure_4B,KIRP_Normal,BRD4,UROD,0.25,0.17,GEPIA2 GTEx normal tissue RNA-seq
Figure_4B,KIRP_Normal,BRD4,UROS,0.14,0.44,GEPIA2 GTEx normal tissue RNA-seq
Figure_4B,KIRP_Normal,H2AFZ,ALAD,-0.4,0.025,GEPIA2 GTEx normal tissue RNA-seq
Figure_4B,KIRP_Normal,H2AFZ,ALAS1,0.45,0.011,GEPIA2 GTEx normal tissue RNA-seq
Figure_4B,KIRP_Normal,H2AFZ,CPOX,0.57,0.00066,GEPIA2 GTEx normal tissue RNA-seq
Figure_4B,KIRP_Normal,H2AFZ,FECH,-0.058,0.75,GEPIA2 GTEx normal tissue RNA-seq
Figure_4B,KIRP_Normal,H2AFZ,HMBS,0.82,9.5e-09,GEPIA2 GTEx normal tissue RNA-seq
Figure_4B,KIRP_Normal,H2AFZ,PPOX,0.67,3.2e-05,GEPIA2 GTEx normal tissue RNA-seq
Figure_4B,KIRP_Normal,H2AFZ,UROD,0.74,3.1e-06,GEPIA2 GTEx normal tissue RNA-seq
Figure_4B,KIRP_Normal,H2AFZ,UROS,0.55,0.001,GEPIA2 GTEx normal tissue RNA-seq
Figure_4B,LIHC_Normal,ATAD2,ALAD,0.35,0.012,GEPIA2 GTEx normal tissue RNA-seq
Figure_4B,LIHC_Normal,ATAD2,ALAS1,0.078,0.59,GEPIA2 GTEx normal tissue RNA-seq
Figure_4B,LIHC_Normal,ATAD2,CPOX,0.55,3.6e-05,GEPIA2 GTEx normal tissue RNA-seq
Figure_4B,LIHC_Normal,ATAD2,FECH,0.57,1.9e-05,GEPIA2 GTEx normal tissue RNA-seq
Figure_4B,LIHC_Normal,ATAD2,HMBS,0.34,0.017,GEPIA2 GTEx normal tissue RNA-seq
Figure_4B,LIHC_Normal,ATAD2,PPOX,0.28,0.052,GEPIA2 GTEx normal tissue RNA-seq
Figure_4B,LIHC_Normal,ATAD2,UROD,0.37,0.009,GEPIA2 GTEx normal tissue RNA-seq
Figure_4B,LIHC_Normal,ATAD2,UROS,0.29,0.044,GEPIA2 GTEx normal tissue RNA-seq
Figure_4B,LIHC_Normal,BRD2,ALAD,0.031,0.83,GEPIA2 GTEx normal tissue RNA-seq
Figure_4B,LIHC_Normal,BRD2,ALAS1,0.051,0.72,GEPIA2 GTEx normal tissue RNA-seq
Figure_4B,LIHC_Normal,BRD2,CPOX,-0.032,0.83,GEPIA2 GTEx normal tissue RNA-seq
Figure_4B,LIHC_Normal,BRD2,FECH,0.096,0.51,GEPIA2 GTEx normal tissue RNA-seq
Figure_4B,LIHC_Normal,BRD2,HMBS,0.19,0.18,GEPIA2 GTEx normal tissue RNA-seq
Figure_4B,LIHC_Normal,BRD2,PPOX,0.26,0.072,GEPIA2 GTEx normal tissue RNA-seq
Figure_4B,LIHC_Normal,BRD2,UROD,0.11,0.46,GEPIA2 GTEx normal tissue RNA-seq
Figure_4B,LIHC_Normal,BRD2,UROS,-0.001,0.99,GEPIA2 GTEx normal tissue RNA-seq
Figure_4B,LIHC_Normal,BRD4,ALAD,0.36,0.011,GEPIA2 GTEx normal tissue RNA-seq
Figure_4B,LIHC_Normal,BRD4,ALAS1,0.0015,0.99,GEPIA2 GTEx normal tissue RNA-seq
Figure_4B,LIHC_Normal,BRD4,CPOX,0.17,0.25,GEPIA2 GTEx normal tissue RNA-seq
Figure_4B,LIHC_Normal,BRD4,FECH,0.32,0.024,GEPIA2 GTEx normal tissue RNA-seq
Figure_4B,LIHC_Normal,BRD4,HMBS,0.24,0.087,GEPIA2 GTEx normal tissue RNA-seq
Figure_4B,LIHC_Normal,BRD4,PPOX,0.15,0.3,GEPIA2 GTEx normal tissue RNA-seq
Figure_4B,LIHC_Normal,BRD4,UROD,0.066,0.65,GEPIA2 GTEx normal tissue RNA-seq
Figure_4B,LIHC_Normal,BRD4,UROS,0.037,0.8,GEPIA2 GTEx normal tissue RNA-seq
Figure_4B,LIHC_Normal,H2AFZ,ALAD,0.11,0.44,GEPIA2 GTEx normal tissue RNA-seq
Figure_4B,LIHC_Normal,H2AFZ,ALAS1,0.13,0.36,GEPIA2 GTEx normal tissue RNA-seq
Figure_4B,LIHC_Normal,H2AFZ,CPOX,0.28,0.045,GEPIA2 GTEx normal tissue RNA-seq
Figure_4B,LIHC_Normal,H2AFZ,FECH,0.29,0.039,GEPIA2 GTEx normal tissue RNA-seq
Figure_4B,LIHC_Normal,H2AFZ,HMBS,0.65,3.9e-07,GEPIA2 GTEx normal tissue RNA-seq
Figure_4B,LIHC_Normal,H2AFZ,PPOX,0.57,1.5e-05,GEPIA2 GTEx normal tissue RNA-seq
Figure_4B,LIHC_Normal,H2AFZ,UROD,0.66,2e-07,GEPIA2 GTEx normal tissue RNA-seq
Figure_4B,LIHC_Normal,H2AFZ,UROS,0.6,4.1e-06,GEPIA2 GTEx normal tissue RNA-seq
Figure_4B,LUAD_Normal,ATAD2,ALAD,0.41,0.0014,GEPIA2 GTEx normal tissue RNA-seq
Figure_4B,LUAD_Normal,ATAD2,ALAS1,-0.083,0.53,GEPIA2 GTEx normal tissue RNA-seq
Figure_4B,LUAD_Normal,ATAD2,CPOX,0.48,0.00011,GEPIA2 GTEx normal tissue RNA-seq
Figure_4B,LUAD_Normal,ATAD2,FECH,0.33,0.011,GEPIA2 GTEx normal tissue RNA-seq
Figure_4B,LUAD_Normal,ATAD2,HMBS,-0.41,0.0011,GEPIA2 GTEx normal tissue RNA-seq
Figure_4B,LUAD_Normal,ATAD2,PPOX,0.081,0.54,GEPIA2 GTEx normal tissue RNA-seq
Figure_4B,LUAD_Normal,ATAD2,UROD,-0.32,0.015,GEPIA2 GTEx normal tissue RNA-seq
Figure_4B,LUAD_Normal,ATAD2,UROS,-0.23,0.074,GEPIA2 GTEx normal tissue RNA-seq
Figure_4B,LUAD_Normal,BRD2,ALAD,0.46,0.00029,GEPIA2 GTEx normal tissue RNA-seq
Figure_4B,LUAD_Normal,BRD2,ALAS1,0.15,0.27,GEPIA2 GTEx normal tissue RNA-seq
Figure_4B,LUAD_Normal,BRD2,CPOX,0.44,0.00057,GEPIA2 GTEx normal tissue RNA-seq
Figure_4B,LUAD_Normal,BRD2,FECH,0.15,0.25,GEPIA2 GTEx normal tissue RNA-seq
Figure_4B,LUAD_Normal,BRD2,HMBS,-0.4,0.0017,GEPIA2 GTEx normal tissue RNA-seq
Figure_4B,LUAD_Normal,BRD2,PPOX,0.3,0.02,GEPIA2 GTEx normal tissue RNA-seq
Figure_4B,LUAD_Normal,BRD2,UROD,-0.36,0.0055,GEPIA2 GTEx normal tissue RNA-seq
Figure_4B,LUAD_Normal,BRD2,UROS,-0.23,0.078,GEPIA2 GTEx normal tissue RNA-seq
Figure_4B,LUAD_Normal,BRD4,ALAD,0.6,4.2e-07,GEPIA2 GTEx normal tissue RNA-seq
Figure_4B,LUAD_Normal,BRD4,ALAS1,0.015,0.91,GEPIA2 GTEx normal tissue RNA-seq
Figure_4B,LUAD_Normal,BRD4,CPOX,0.42,8e-04,GEPIA2 GTEx normal tissue RNA-seq
Figure_4B,LUAD_Normal,BRD4,FECH,0.35,0.0068,GEPIA2 GTEx normal tissue RNA-seq
Figure_4B,LUAD_Normal,BRD4,HMBS,-0.45,0.00034,GEPIA2 GTEx normal tissue RNA-seq
Figure_4B,LUAD_Normal,BRD4,PPOX,0.17,0.21,GEPIA2 GTEx normal tissue RNA-seq
Figure_4B,LUAD_Normal,BRD4,UROD,-0.39,0.0023,GEPIA2 GTEx normal tissue RNA-seq
Figure_4B,LUAD_Normal,BRD4,UROS,-0.27,0.038,GEPIA2 GTEx normal tissue RNA-seq
Figure_4B,LUAD_Normal,H2AFZ,ALAD,-0.31,0.017,GEPIA2 GTEx normal tissue RNA-seq
Figure_4B,LUAD_Normal,H2AFZ,ALAS1,0.15,0.25,GEPIA2 GTEx normal tissue RNA-seq
Figure_4B,LUAD_Normal,H2AFZ,CPOX,-0.29,0.026,GEPIA2 GTEx normal tissue RNA-seq
Figure_4B,LUAD_Normal,H2AFZ,FECH,-0.12,0.38,GEPIA2 GTEx normal tissue RNA-seq
Figure_4B,LUAD_Normal,H2AFZ,HMBS,0.19,0.14,GEPIA2 GTEx normal tissue RNA-seq
Figure_4B,LUAD_Normal,H2AFZ,PPOX,-0.19,0.16,GEPIA2 GTEx normal tissue RNA-seq
Figure_4B,LUAD_Normal,H2AFZ,UROD,0.37,0.0041,GEPIA2 GTEx normal tissue RNA-seq
Figure_4B,LUAD_Normal,H2AFZ,UROS,0.31,0.019,GEPIA2 GTEx normal tissue RNA-seq
Figure_4B,LUSC_Normal,ATAD2,ALAD,0.59,1.2e-05,GEPIA2 GTEx normal tissue RNA-seq
Figure_4B,LUSC_Normal,ATAD2,ALAS1,0.26,0.073,GEPIA2 GTEx normal tissue RNA-seq
Figure_4B,LUSC_Normal,ATAD2,CPOX,0.64,6e-07,GEPIA2 GTEx normal tissue RNA-seq
Figure_4B,LUSC_Normal,ATAD2,FECH,0.59,5.5e-06,GEPIA2 GTEx normal tissue RNA-seq
Figure_4B,LUSC_Normal,ATAD2,HMBS,0.039,0.79,GEPIA2 GTEx normal tissue RNA-seq
Figure_4B,LUSC_Normal,ATAD2,PPOX,0.24,0.089,GEPIA2 GTEx normal tissue RNA-seq
Figure_4B,LUSC_Normal,ATAD2,UROD,0.13,0.36,GEPIA2 GTEx normal tissue RNA-seq
Figure_4B,LUSC_Normal,ATAD2,UROS,0.091,0.53,GEPIA2 GTEx normal tissue RNA-seq
Figure_4B,LUSC_Normal,BRD2,ALAD,0.43,0.002,GEPIA2 GTEx normal tissue RNA-seq
Figure_4B,LUSC_Normal,BRD2,ALAS1,0.43,0.002,GEPIA2 GTEx normal tissue RNA-seq
Figure_4B,LUSC_Normal,BRD2,CPOX,0.11,0.47,GEPIA2 GTEx normal tissue RNA-seq
Figure_4B,LUSC_Normal,BRD2,FECH,0.21,0.14,GEPIA2 GTEx normal tissue RNA-seq
Figure_4B,LUSC_Normal,BRD2,HMBS,-0.35,0.013,GEPIA2 GTEx normal tissue RNA-seq
Figure_4B,LUSC_Normal,BRD2,PPOX,0.09,0.53,GEPIA2 GTEx normal tissue RNA-seq
Figure_4B,LUSC_Normal,BRD2,UROD,-0.39,0.006,GEPIA2 GTEx normal tissue RNA-seq
Figure_4B,LUSC_Normal,BRD2,UROS,-0.34,0.017,GEPIA2 GTEx normal tissue RNA-seq
Figure_4B,LUSC_Normal,BRD4,ALAD,0.55,3.8e-05,GEPIA2 GTEx normal tissue RNA-seq
Figure_4B,LUSC_Normal,BRD4,ALAS1,0.5,0.00021,GEPIA2 GTEx normal tissue RNA-seq
Figure_4B,LUSC_Normal,BRD4,CPOX,0.034,0.82,GEPIA2 GTEx normal tissue RNA-seq
Figure_4B,LUSC_Normal,BRD4,FECH,0.25,0.082,GEPIA2 GTEx normal tissue RNA-seq
Figure_4B,LUSC_Normal,BRD4,HMBS,-0.28,0.048,GEPIA2 GTEx normal tissue RNA-seq
Figure_4B,LUSC_Normal,BRD4,PPOX,0.018,0.9,GEPIA2 GTEx normal tissue RNA-seq
Figure_4B,LUSC_Normal,BRD4,UROD,-0.41,0.0033,GEPIA2 GTEx normal tissue RNA-seq
Figure_4B,LUSC_Normal,BRD4,UROS,-0.37,0.0077,GEPIA2 GTEx normal tissue RNA-seq
Figure_4B,LUSC_Normal,H2AFZ,ALAD,0.14,0.34,GEPIA2 GTEx normal tissue RNA-seq
Figure_4B,LUSC_Normal,H2AFZ,ALAS1,0.031,0.83,GEPIA2 GTEx normal tissue RNA-seq
Figure_4B,LUSC_Normal,H2AFZ,CPOX,0.25,0.077,GEPIA2 GTEx normal tissue RNA-seq
Figure_4B,LUSC_Normal,H2AFZ,FECH,0.21,0.14,GEPIA2 GTEx normal tissue RNA-seq
Figure_4B,LUSC_Normal,H2AFZ,HMBS,0.32,0.022,GEPIA2 GTEx normal tissue RNA-seq
Figure_4B,LUSC_Normal,H2AFZ,PPOX,0.22,0.13,GEPIA2 GTEx normal tissue RNA-seq
Figure_4B,LUSC_Normal,H2AFZ,UROD,0.69,4e-08,GEPIA2 GTEx normal tissue RNA-seq
Figure_4B,LUSC_Normal,H2AFZ,UROS,0.53,8.8e-05,GEPIA2 GTEx normal tissue RNA-seq
Figure_4B,PAAD_Normal,ATAD2,ALAD,-0.2,0.92,GEPIA2 GTEx normal tissue RNA-seq
Figure_4B,PAAD_Normal,ATAD2,ALAS1,-1.0,0.083,GEPIA2 GTEx normal tissue RNA-seq
Figure_4B,PAAD_Normal,ATAD2,CPOX,-1.0,0.083,GEPIA2 GTEx normal tissue RNA-seq
Figure_4B,PAAD_Normal,ATAD2,FECH,-0.2,0.92,GEPIA2 GTEx normal tissue RNA-seq
Figure_4B,PAAD_Normal,ATAD2,HMBS,-0.4,0.75,GEPIA2 GTEx normal tissue RNA-seq
Figure_4B,PAAD_Normal,ATAD2,PPOX,0.8,0.33,GEPIA2 GTEx normal tissue RNA-seq
Figure_4B,PAAD_Normal,ATAD2,UROD,-1.0,0.083,GEPIA2 GTEx normal tissue RNA-seq
Figure_4B,PAAD_Normal,ATAD2,UROS,-0.2,0.92,GEPIA2 GTEx normal tissue RNA-seq
Figure_4B,PAAD_Normal,BRD2,ALAD,-0.4,0.75,GEPIA2 GTEx normal tissue RNA-seq
Figure_4B,PAAD_Normal,BRD2,ALAS1,-0.8,0.33,GEPIA2 GTEx normal tissue RNA-seq
Figure_4B,PAAD_Normal,BRD2,CPOX,-0.8,0.33,GEPIA2 GTEx normal tissue RNA-seq
Figure_4B,PAAD_Normal,BRD2,FECH,-0.4,0.75,GEPIA2 GTEx normal tissue RNA-seq
Figure_4B,PAAD_Normal,BRD2,HMBS,-0.2,0.92,GEPIA2 GTEx normal tissue RNA-seq
Figure_4B,PAAD_Normal,BRD2,PPOX,1.0,0.083,GEPIA2 GTEx normal tissue RNA-seq
Figure_4B,PAAD_Normal,BRD2,UROD,-0.8,0.33,GEPIA2 GTEx normal tissue RNA-seq
Figure_4B,PAAD_Normal,BRD2,UROS,-0.4,0.75,GEPIA2 GTEx normal tissue RNA-seq
Figure_4B,PAAD_Normal,BRD4,ALAD,-0.8,0.33,GEPIA2 GTEx normal tissue RNA-seq
Figure_4B,PAAD_Normal,BRD4,ALAS1,-0.4,0.75,GEPIA2 GTEx normal tissue RNA-seq
Figure_4B,PAAD_Normal,BRD4,CPOX,-0.4,0.75,GEPIA2 GTEx normal tissue RNA-seq
Figure_4B,PAAD_Normal,BRD4,FECH,-0.8,0.33,GEPIA2 GTEx normal tissue RNA-seq
Figure_4B,PAAD_Normal,BRD4,HMBS,-1.0,0.083,GEPIA2 GTEx normal tissue RNA-seq
Figure_4B,PAAD_Normal,BRD4,PPOX,0.2,0.92,GEPIA2 GTEx normal tissue RNA-seq
Figure_4B,PAAD_Normal,BRD4,UROD,-0.4,0.75,GEPIA2 GTEx normal tissue RNA-seq
Figure_4B,PAAD_Normal,BRD4,UROS,-0.8,0.33,GEPIA2 GTEx normal tissue RNA-seq
Figure_4B,PAAD_Normal,H2AFZ,ALAD,0.2,0.92,GEPIA2 GTEx normal tissue RNA-seq
Figure_4B,PAAD_Normal,H2AFZ,ALAS1,1.0,0.083,GEPIA2 GTEx normal tissue RNA-seq
Figure_4B,PAAD_Normal,H2AFZ,CPOX,1.0,0.083,GEPIA2 GTEx normal tissue RNA-seq
Figure_4B,PAAD_Normal,H2AFZ,FECH,0.2,0.92,GEPIA2 GTEx normal tissue RNA-seq
Figure_4B,PAAD_Normal,H2AFZ,HMBS,0.4,0.75,GEPIA2 GTEx normal tissue RNA-seq
Figure_4B,PAAD_Normal,H2AFZ,PPOX,-0.8,0.33,GEPIA2 GTEx normal tissue RNA-seq
Figure_4B,PAAD_Normal,H2AFZ,UROD,1.0,0.083,GEPIA2 GTEx normal tissue RNA-seq
Figure_4B,PAAD_Normal,H2AFZ,UROS,0.2,0.92,GEPIA2 GTEx normal tissue RNA-seq
Figure_4B,PCPG_Normal,ATAD2,ALAD,0.5,1,GEPIA2 GTEx normal tissue RNA-seq
Figure_4B,PCPG_Normal,ATAD2,ALAS1,0.5,1,GEPIA2 GTEx normal tissue RNA-seq
Figure_4B,PCPG_Normal,ATAD2,CPOX,1.0,0.33,GEPIA2 GTEx normal tissue RNA-seq
Figure_4B,PCPG_Normal,ATAD2,FECH,1.0,0.33,GEPIA2 GTEx normal tissue RNA-seq
Figure_4B,PCPG_Normal,ATAD2,HMBS,-0.5,1,GEPIA2 GTEx normal tissue RNA-seq
Figure_4B,PCPG_Normal,ATAD2,PPOX,0.5,1,GEPIA2 GTEx normal tissue RNA-seq
Figure_4B,PCPG_Normal,ATAD2,UROD,0.5,1,GEPIA2 GTEx normal tissue RNA-seq
Figure_4B,PCPG_Normal,ATAD2,UROS,-0.5,1,GEPIA2 GTEx normal tissue RNA-seq
Figure_4B,PCPG_Normal,BRD2,ALAD,-0.5,1,GEPIA2 GTEx normal tissue RNA-seq
Figure_4B,PCPG_Normal,BRD2,ALAS1,1.0,0.33,GEPIA2 GTEx normal tissue RNA-seq
Figure_4B,PCPG_Normal,BRD2,CPOX,0.5,1,GEPIA2 GTEx normal tissue RNA-seq
Figure_4B,PCPG_Normal,BRD2,FECH,0.5,1,GEPIA2 GTEx normal tissue RNA-seq
Figure_4B,PCPG_Normal,BRD2,HMBS,0.5,1,GEPIA2 GTEx normal tissue RNA-seq
Figure_4B,PCPG_Normal,BRD2,PPOX,-0.5,1,GEPIA2 GTEx normal tissue RNA-seq
Figure_4B,PCPG_Normal,BRD2,UROD,1.0,0.33,GEPIA2 GTEx normal tissue RNA-seq
Figure_4B,PCPG_Normal,BRD2,UROS,0.5,1,GEPIA2 GTEx normal tissue RNA-seq
Figure_4B,PCPG_Normal,BRD4,ALAD,0.5,1,GEPIA2 GTEx normal tissue RNA-seq
Figure_4B,PCPG_Normal,BRD4,ALAS1,0.5,1,GEPIA2 GTEx normal tissue RNA-seq
Figure_4B,PCPG_Normal,BRD4,CPOX,1.0,0.33,GEPIA2 GTEx normal tissue RNA-seq
Figure_4B,PCPG_Normal,BRD4,FECH,1.0,0.33,GEPIA2 GTEx normal tissue RNA-seq
Figure_4B,PCPG_Normal,BRD4,HMBS,-0.5,1,GEPIA2 GTEx normal tissue RNA-seq
Figure_4B,PCPG_Normal,BRD4,PPOX,0.5,1,GEPIA2 GTEx normal tissue RNA-seq
Figure_4B,PCPG_Normal,BRD4,UROD,0.5,1,GEPIA2 GTEx normal tissue RNA-seq
Figure_4B,PCPG_Normal,BRD4,UROS,-0.5,1,GEPIA2 GTEx normal tissue RNA-seq
Figure_4B,PCPG_Normal,H2AFZ,ALAD,-0.5,1,GEPIA2 GTEx normal tissue RNA-seq
Figure_4B,PCPG_Normal,H2AFZ,ALAS1,1.0,0.33,GEPIA2 GTEx normal tissue RNA-seq
Figure_4B,PCPG_Normal,H2AFZ,CPOX,0.5,1,GEPIA2 GTEx normal tissue RNA-seq
Figure_4B,PCPG_Normal,H2AFZ,FECH,0.5,1,GEPIA2 GTEx normal tissue RNA-seq
Figure_4B,PCPG_Normal,H2AFZ,HMBS,0.5,1,GEPIA2 GTEx normal tissue RNA-seq
Figure_4B,PCPG_Normal,H2AFZ,PPOX,-0.5,1,GEPIA2 GTEx normal tissue RNA-seq
Figure_4B,PCPG_Normal,H2AFZ,UROD,1.0,0.33,GEPIA2 GTEx normal tissue RNA-seq
Figure_4B,PCPG_Normal,H2AFZ,UROS,0.5,1,GEPIA2 GTEx normal tissue RNA-seq
Figure_4B,PRAD_Normal,ATAD2,ALAD,0.5,0.00019,GEPIA2 GTEx normal tissue RNA-seq
Figure_4B,PRAD_Normal,ATAD2,ALAS1,-0.11,0.46,GEPIA2 GTEx normal tissue RNA-seq
Figure_4B,PRAD_Normal,ATAD2,CPOX,0.63,5.3e-07,GEPIA2 GTEx normal tissue RNA-seq
Figure_4B,PRAD_Normal,ATAD2,FECH,0.54,3.1e-05,GEPIA2 GTEx normal tissue RNA-seq
Figure_4B,PRAD_Normal,ATAD2,HMBS,0.3,0.033,GEPIA2 GTEx normal tissue RNA-seq
Figure_4B,PRAD_Normal,ATAD2,PPOX,0.11,0.43,GEPIA2 GTEx normal tissue RNA-seq
Figure_4B,PRAD_Normal,ATAD2,UROD,0.23,0.11,GEPIA2 GTEx normal tissue RNA-seq
Figure_4B,PRAD_Normal,ATAD2,UROS,0.24,0.083,GEPIA2 GTEx normal tissue RNA-seq
Figure_4B,PRAD_Normal,BRD2,ALAD,0.55,3.4e-05,GEPIA2 GTEx normal tissue RNA-seq
Figure_4B,PRAD_Normal,BRD2,ALAS1,0.27,0.05,GEPIA2 GTEx normal tissue RNA-seq
Figure_4B,PRAD_Normal,BRD2,CPOX,0.62,1.1e-06,GEPIA2 GTEx normal tissue RNA-seq
Figure_4B,PRAD_Normal,BRD2,FECH,0.31,0.025,GEPIA2 GTEx normal tissue RNA-seq
Figure_4B,PRAD_Normal,BRD2,HMBS,0.31,0.024,GEPIA2 GTEx normal tissue RNA-seq
Figure_4B,PRAD_Normal,BRD2,PPOX,0.32,0.022,GEPIA2 GTEx normal tissue RNA-seq
Figure_4B,PRAD_Normal,BRD2,UROD,0.086,0.55,GEPIA2 GTEx normal tissue RNA-seq
Figure_4B,PRAD_Normal,BRD2,UROS,-0.081,0.57,GEPIA2 GTEx normal tissue RNA-seq
Figure_4B,PRAD_Normal,BRD4,ALAD,0.3,0.031,GEPIA2 GTEx normal tissue RNA-seq
Figure_4B,PRAD_Normal,BRD4,ALAS1,0.28,0.042,GEPIA2 GTEx normal tissue RNA-seq
Figure_4B,PRAD_Normal,BRD4,CPOX,0.55,2.7e-05,GEPIA2 GTEx normal tissue RNA-seq
Figure_4B,PRAD_Normal,BRD4,FECH,0.36,0.0079,GEPIA2 GTEx normal tissue RNA-seq
Figure_4B,PRAD_Normal,BRD4,HMBS,0.082,0.56,GEPIA2 GTEx normal tissue RNA-seq
Figure_4B,PRAD_Normal,BRD4,PPOX,-0.19,0.18,GEPIA2 GTEx normal tissue RNA-seq
Figure_4B,PRAD_Normal,BRD4,UROD,0.056,0.69,GEPIA2 GTEx normal tissue RNA-seq
Figure_4B,PRAD_Normal,BRD4,UROS,0.055,0.7,GEPIA2 GTEx normal tissue RNA-seq
Figure_4B,PRAD_Normal,H2AFZ,ALAD,-0.051,0.72,GEPIA2 GTEx normal tissue RNA-seq
Figure_4B,PRAD_Normal,H2AFZ,ALAS1,-0.53,6.1e-05,GEPIA2 GTEx normal tissue RNA-seq
Figure_4B,PRAD_Normal,H2AFZ,CPOX,0.29,0.035,GEPIA2 GTEx normal tissue RNA-seq
Figure_4B,PRAD_Normal,H2AFZ,FECH,0.4,0.0031,GEPIA2 GTEx normal tissue RNA-seq
Figure_4B,PRAD_Normal,H2AFZ,HMBS,0.11,0.42,GEPIA2 GTEx normal tissue RNA-seq
Figure_4B,PRAD_Normal,H2AFZ,PPOX,0.0005,1,GEPIA2 GTEx normal tissue RNA-seq
Figure_4B,PRAD_Normal,H2AFZ,UROD,0.6,2e-06,GEPIA2 GTEx normal tissue RNA-seq
Figure_4B,PRAD_Normal,H2AFZ,UROS,0.64,6.2e-07,GEPIA2 GTEx normal tissue RNA-seq
Figure_4B,READ_Normal,ATAD2,ALAD,-0.018,0.97,GEPIA2 GTEx normal tissue RNA-seq
Figure_4B,READ_Normal,ATAD2,ALAS1,0.9,0.00088,GEPIA2 GTEx normal tissue RNA-seq
Figure_4B,READ_Normal,ATAD2,CPOX,0.43,0.22,GEPIA2 GTEx normal tissue RNA-seq
Figure_4B,READ_Normal,ATAD2,FECH,-0.15,0.68,GEPIA2 GTEx normal tissue RNA-seq
Figure_4B,READ_Normal,ATAD2,HMBS,0.22,0.54,GEPIA2 GTEx normal tissue RNA-seq
Figure_4B,READ_Normal,ATAD2,PPOX,-0.49,0.15,GEPIA2 GTEx normal tissue RNA-seq
Figure_4B,READ_Normal,ATAD2,UROD,-0.88,0.002,GEPIA2 GTEx normal tissue RNA-seq
Figure_4B,READ_Normal,ATAD2,UROS,-0.39,0.26,GEPIA2 GTEx normal tissue RNA-seq
Figure_4B,READ_Normal,BRD2,ALAD,0.87,0.0027,GEPIA2 GTEx normal tissue RNA-seq
Figure_4B,READ_Normal,BRD2,ALAS1,0.13,0.73,GEPIA2 GTEx normal tissue RNA-seq
Figure_4B,READ_Normal,BRD2,CPOX,0.62,0.06,GEPIA2 GTEx normal tissue RNA-seq
Figure_4B,READ_Normal,BRD2,FECH,0.33,0.35,GEPIA2 GTEx normal tissue RNA-seq
Figure_4B,READ_Normal,BRD2,HMBS,-0.68,0.035,GEPIA2 GTEx normal tissue RNA-seq
Figure_4B,READ_Normal,BRD2,PPOX,0.5,0.14,GEPIA2 GTEx normal tissue RNA-seq
Figure_4B,READ_Normal,BRD2,UROD,-0.15,0.68,GEPIA2 GTEx normal tissue RNA-seq
Figure_4B,READ_Normal,BRD2,UROS,0.27,0.45,GEPIA2 GTEx normal tissue RNA-seq
Figure_4B,READ_Normal,BRD4,ALAD,0.15,0.68,GEPIA2 GTEx normal tissue RNA-seq
Figure_4B,READ_Normal,BRD4,ALAS1,0.59,0.08,GEPIA2 GTEx normal tissue RNA-seq
Figure_4B,READ_Normal,BRD4,CPOX,0.042,0.92,GEPIA2 GTEx normal tissue RNA-seq
Figure_4B,READ_Normal,BRD4,FECH,-0.055,0.89,GEPIA2 GTEx normal tissue RNA-seq
Figure_4B,READ_Normal,BRD4,HMBS,0.18,0.63,GEPIA2 GTEx normal tissue RNA-seq
Figure_4B,READ_Normal,BRD4,PPOX,-0.35,0.33,GEPIA2 GTEx normal tissue RNA-seq
Figure_4B,READ_Normal,BRD4,UROD,-0.47,0.18,GEPIA2 GTEx normal tissue RNA-seq
Figure_4B,READ_Normal,BRD4,UROS,-0.055,0.89,GEPIA2 GTEx normal tissue RNA-seq
Figure_4B,READ_Normal,H2AFZ,ALAD,-0.7,0.031,GEPIA2 GTEx normal tissue RNA-seq
Figure_4B,READ_Normal,H2AFZ,ALAS1,0.14,0.71,GEPIA2 GTEx normal tissue RNA-seq
Figure_4B,READ_Normal,H2AFZ,CPOX,-0.38,0.28,GEPIA2 GTEx normal tissue RNA-seq
Figure_4B,READ_Normal,H2AFZ,FECH,-0.33,0.35,GEPIA2 GTEx normal tissue RNA-seq
Figure_4B,READ_Normal,H2AFZ,HMBS,0.71,0.028,GEPIA2 GTEx normal tissue RNA-seq
Figure_4B,READ_Normal,H2AFZ,PPOX,-0.41,0.25,GEPIA2 GTEx normal tissue RNA-seq
Figure_4B,READ_Normal,H2AFZ,UROD,0.0061,1,GEPIA2 GTEx normal tissue RNA-seq
Figure_4B,READ_Normal,H2AFZ,UROS,-0.22,0.54,GEPIA2 GTEx normal tissue RNA-seq
Figure_4B,SARC_Normal,ATAD2,ALAD,-1.0,1,GEPIA2 GTEx normal tissue RNA-seq
Figure_4B,SARC_Normal,ATAD2,ALAS1,-1.0,1,GEPIA2 GTEx normal tissue RNA-seq
Figure_4B,SARC_Normal,ATAD2,CPOX,-1.0,1,GEPIA2 GTEx normal tissue RNA-seq
Figure_4B,SARC_Normal,ATAD2,FECH,-1.0,1,GEPIA2 GTEx normal tissue RNA-seq
Figure_4B,SARC_Normal,ATAD2,HMBS,1.0,1,GEPIA2 GTEx normal tissue RNA-seq
Figure_4B,SARC_Normal,ATAD2,PPOX,1.0,1,GEPIA2 GTEx normal tissue RNA-seq
Figure_4B,SARC_Normal,ATAD2,UROD,1.0,1,GEPIA2 GTEx normal tissue RNA-seq
Figure_4B,SARC_Normal,ATAD2,UROS,1.0,1,GEPIA2 GTEx normal tissue RNA-seq
Figure_4B,SARC_Normal,BRD2,ALAD,1.0,1,GEPIA2 GTEx normal tissue RNA-seq
Figure_4B,SARC_Normal,BRD2,ALAS1,1.0,1,GEPIA2 GTEx normal tissue RNA-seq
Figure_4B,SARC_Normal,BRD2,CPOX,1.0,1,GEPIA2 GTEx normal tissue RNA-seq
Figure_4B,SARC_Normal,BRD2,FECH,1.0,1,GEPIA2 GTEx normal tissue RNA-seq
Figure_4B,SARC_Normal,BRD2,HMBS,-1.0,1,GEPIA2 GTEx normal tissue RNA-seq
Figure_4B,SARC_Normal,BRD2,PPOX,-1.0,1,GEPIA2 GTEx normal tissue RNA-seq
Figure_4B,SARC_Normal,BRD2,UROD,-1.0,1,GEPIA2 GTEx normal tissue RNA-seq
Figure_4B,SARC_Normal,BRD2,UROS,-1.0,1,GEPIA2 GTEx normal tissue RNA-seq
Figure_4B,SARC_Normal,BRD4,ALAD,1.0,1,GEPIA2 GTEx normal tissue RNA-seq
Figure_4B,SARC_Normal,BRD4,ALAS1,1.0,1,GEPIA2 GTEx normal tissue RNA-seq
Figure_4B,SARC_Normal,BRD4,CPOX,1.0,1,GEPIA2 GTEx normal tissue RNA-seq
Figure_4B,SARC_Normal,BRD4,FECH,1.0,1,GEPIA2 GTEx normal tissue RNA-seq
Figure_4B,SARC_Normal,BRD4,HMBS,-1.0,1,GEPIA2 GTEx normal tissue RNA-seq
Figure_4B,SARC_Normal,BRD4,PPOX,-1.0,1,GEPIA2 GTEx normal tissue RNA-seq
Figure_4B,SARC_Normal,BRD4,UROD,-1.0,1,GEPIA2 GTEx normal tissue RNA-seq
Figure_4B,SARC_Normal,BRD4,UROS,-1.0,1,GEPIA2 GTEx normal tissue RNA-seq
Figure_4B,SARC_Normal,H2AFZ,ALAD,-1.0,1,GEPIA2 GTEx normal tissue RNA-seq
Figure_4B,SARC_Normal,H2AFZ,ALAS1,-1.0,1,GEPIA2 GTEx normal tissue RNA-seq
Figure_4B,SARC_Normal,H2AFZ,CPOX,-1.0,1,GEPIA2 GTEx normal tissue RNA-seq
Figure_4B,SARC_Normal,H2AFZ,FECH,-1.0,1,GEPIA2 GTEx normal tissue RNA-seq
Figure_4B,SARC_Normal,H2AFZ,HMBS,1.0,1,GEPIA2 GTEx normal tissue RNA-seq
Figure_4B,SARC_Normal,H2AFZ,PPOX,1.0,1,GEPIA2 GTEx normal tissue RNA-seq
Figure_4B,SARC_Normal,H2AFZ,UROD,1.0,1,GEPIA2 GTEx normal tissue RNA-seq
Figure_4B,SARC_Normal,H2AFZ,UROS,1.0,1,GEPIA2 GTEx normal tissue RNA-seq
Figure_4B,SKCM_Normal,ATAD2,ALAD,,,GEPIA2 GTEx normal tissue RNA-seq
Figure_4B,SKCM_Normal,ATAD2,ALAS1,,,GEPIA2 GTEx normal tissue RNA-seq
Figure_4B,SKCM_Normal,ATAD2,CPOX,,,GEPIA2 GTEx normal tissue RNA-seq
Figure_4B,SKCM_Normal,ATAD2,FECH,,,GEPIA2 GTEx normal tissue RNA-seq
Figure_4B,SKCM_Normal,ATAD2,HMBS,,,GEPIA2 GTEx normal tissue RNA-seq
Figure_4B,SKCM_Normal,ATAD2,PPOX,,,GEPIA2 GTEx normal tissue RNA-seq
Figure_4B,SKCM_Normal,ATAD2,UROD,,,GEPIA2 GTEx normal tissue RNA-seq
Figure_4B,SKCM_Normal,ATAD2,UROS,,,GEPIA2 GTEx normal tissue RNA-seq
Figure_4B,SKCM_Normal,BRD2,ALAD,,,GEPIA2 GTEx normal tissue RNA-seq
Figure_4B,SKCM_Normal,BRD2,ALAS1,,,GEPIA2 GTEx normal tissue RNA-seq
Figure_4B,SKCM_Normal,BRD2,CPOX,,,GEPIA2 GTEx normal tissue RNA-seq
Figure_4B,SKCM_Normal,BRD2,FECH,,,GEPIA2 GTEx normal tissue RNA-seq
Figure_4B,SKCM_Normal,BRD2,HMBS,,,GEPIA2 GTEx normal tissue RNA-seq
Figure_4B,SKCM_Normal,BRD2,PPOX,,,GEPIA2 GTEx normal tissue RNA-seq
Figure_4B,SKCM_Normal,BRD2,UROD,,,GEPIA2 GTEx normal tissue RNA-seq
Figure_4B,SKCM_Normal,BRD2,UROS,,,GEPIA2 GTEx normal tissue RNA-seq
Figure_4B,SKCM_Normal,BRD4,ALAD,,,GEPIA2 GTEx normal tissue RNA-seq
Figure_4B,SKCM_Normal,BRD4,ALAS1,,,GEPIA2 GTEx normal tissue RNA-seq
Figure_4B,SKCM_Normal,BRD4,CPOX,,,GEPIA2 GTEx normal tissue RNA-seq
Figure_4B,SKCM_Normal,BRD4,FECH,,,GEPIA2 GTEx normal tissue RNA-seq
Figure_4B,SKCM_Normal,BRD4,HMBS,,,GEPIA2 GTEx normal tissue RNA-seq
Figure_4B,SKCM_Normal,BRD4,PPOX,,,GEPIA2 GTEx normal tissue RNA-seq
Figure_4B,SKCM_Normal,BRD4,UROD,,,GEPIA2 GTEx normal tissue RNA-seq
Figure_4B,SKCM_Normal,BRD4,UROS,,,GEPIA2 GTEx normal tissue RNA-seq
Figure_4B,SKCM_Normal,H2AFZ,ALAD,,,GEPIA2 GTEx normal tissue RNA-seq
Figure_4B,SKCM_Normal,H2AFZ,ALAS1,,,GEPIA2 GTEx normal tissue RNA-seq
Figure_4B,SKCM_Normal,H2AFZ,CPOX,,,GEPIA2 GTEx normal tissue RNA-seq
Figure_4B,SKCM_Normal,H2AFZ,FECH,,,GEPIA2 GTEx normal tissue RNA-seq
Figure_4B,SKCM_Normal,H2AFZ,HMBS,,,GEPIA2 GTEx normal tissue RNA-seq
Figure_4B,SKCM_Normal,H2AFZ,PPOX,,,GEPIA2 GTEx normal tissue RNA-seq
Figure_4B,SKCM_Normal,H2AFZ,UROD,,,GEPIA2 GTEx normal tissue RNA-seq
Figure_4B,SKCM_Normal,H2AFZ,UROS,,,GEPIA2 GTEx normal tissue RNA-seq
Figure_4B,STAD_Normal,ATAD2,ALAD,0.54,0.00076,GEPIA2 GTEx normal tissue RNA-seq
Figure_4B,STAD_Normal,ATAD2,ALAS1,0.2,0.24,GEPIA2 GTEx normal tissue RNA-seq
Figure_4B,STAD_Normal,ATAD2,CPOX,0.74,3.2e-07,GEPIA2 GTEx normal tissue RNA-seq
Figure_4B,STAD_Normal,ATAD2,FECH,0.62,7.8e-05,GEPIA2 GTEx normal tissue RNA-seq
Figure_4B,STAD_Normal,ATAD2,HMBS,0.27,0.12,GEPIA2 GTEx normal tissue RNA-seq
Figure_4B,STAD_Normal,ATAD2,PPOX,0.54,6e-04,GEPIA2 GTEx normal tissue RNA-seq
Figure_4B,STAD_Normal,ATAD2,UROD,0.092,0.59,GEPIA2 GTEx normal tissue RNA-seq
Figure_4B,STAD_Normal,ATAD2,UROS,0.13,0.43,GEPIA2 GTEx normal tissue RNA-seq
Figure_4B,STAD_Normal,BRD2,ALAD,0.63,5.2e-05,GEPIA2 GTEx normal tissue RNA-seq
Figure_4B,STAD_Normal,BRD2,ALAS1,-0.019,0.91,GEPIA2 GTEx normal tissue RNA-seq
Figure_4B,STAD_Normal,BRD2,CPOX,0.45,0.0053,GEPIA2 GTEx normal tissue RNA-seq
Figure_4B,STAD_Normal,BRD2,FECH,0.72,2e-06,GEPIA2 GTEx normal tissue RNA-seq
Figure_4B,STAD_Normal,BRD2,HMBS,-0.15,0.39,GEPIA2 GTEx normal tissue RNA-seq
Figure_4B,STAD_Normal,BRD2,PPOX,0.76,6.8e-08,GEPIA2 GTEx normal tissue RNA-seq
Figure_4B,STAD_Normal,BRD2,UROD,0.66,2.3e-05,GEPIA2 GTEx normal tissue RNA-seq
Figure_4B,STAD_Normal,BRD2,UROS,0.52,0.0015,GEPIA2 GTEx normal tissue RNA-seq
Figure_4B,STAD_Normal,BRD4,ALAD,0.53,0.0012,GEPIA2 GTEx normal tissue RNA-seq
Figure_4B,STAD_Normal,BRD4,ALAS1,-0.17,0.32,GEPIA2 GTEx normal tissue RNA-seq
Figure_4B,STAD_Normal,BRD4,CPOX,0.5,0.0019,GEPIA2 GTEx normal tissue RNA-seq
Figure_4B,STAD_Normal,BRD4,FECH,0.74,1.2e-06,GEPIA2 GTEx normal tissue RNA-seq
Figure_4B,STAD_Normal,BRD4,HMBS,-0.39,0.02,GEPIA2 GTEx normal tissue RNA-seq
Figure_4B,STAD_Normal,BRD4,PPOX,0.78,1.6e-08,GEPIA2 GTEx normal tissue RNA-seq
Figure_4B,STAD_Normal,BRD4,UROD,0.55,0.00063,GEPIA2 GTEx normal tissue RNA-seq
Figure_4B,STAD_Normal,BRD4,UROS,0.39,0.021,GEPIA2 GTEx normal tissue RNA-seq
Figure_4B,STAD_Normal,H2AFZ,ALAD,-0.019,0.91,GEPIA2 GTEx normal tissue RNA-seq
Figure_4B,STAD_Normal,H2AFZ,ALAS1,-0.36,0.031,GEPIA2 GTEx normal tissue RNA-seq
Figure_4B,STAD_Normal,H2AFZ,CPOX,0.14,0.42,GEPIA2 GTEx normal tissue RNA-seq
Figure_4B,STAD_Normal,H2AFZ,FECH,0.35,0.035,GEPIA2 GTEx normal tissue RNA-seq
Figure_4B,STAD_Normal,H2AFZ,HMBS,0.21,0.21,GEPIA2 GTEx normal tissue RNA-seq
Figure_4B,STAD_Normal,H2AFZ,PPOX,0.56,0.00042,GEPIA2 GTEx normal tissue RNA-seq
Figure_4B,STAD_Normal,H2AFZ,UROD,0.42,0.01,GEPIA2 GTEx normal tissue RNA-seq
Figure_4B,STAD_Normal,H2AFZ,UROS,0.41,0.013,GEPIA2 GTEx normal tissue RNA-seq
Figure_4B,THCA_Normal,ATAD2,ALAD,0.24,0.068,GEPIA2 GTEx normal tissue RNA-seq
Figure_4B,THCA_Normal,ATAD2,ALAS1,0.072,0.59,GEPIA2 GTEx normal tissue RNA-seq
Figure_4B,THCA_Normal,ATAD2,CPOX,0.62,1.3e-07,GEPIA2 GTEx normal tissue RNA-seq
Figure_4B,THCA_Normal,ATAD2,FECH,0.4,0.0015,GEPIA2 GTEx normal tissue RNA-seq
Figure_4B,THCA_Normal,ATAD2,HMBS,-0.52,2.6e-05,GEPIA2 GTEx normal tissue RNA-seq
Figure_4B,THCA_Normal,ATAD2,PPOX,-0.055,0.68,GEPIA2 GTEx normal tissue RNA-seq
Figure_4B,THCA_Normal,ATAD2,UROD,-0.36,0.005,GEPIA2 GTEx normal tissue RNA-seq
Figure_4B,THCA_Normal,ATAD2,UROS,-0.38,0.0027,GEPIA2 GTEx normal tissue RNA-seq
Figure_4B,THCA_Normal,BRD2,ALAD,0.61,3.7e-07,GEPIA2 GTEx normal tissue RNA-seq
Figure_4B,THCA_Normal,BRD2,ALAS1,0.5,5.7e-05,GEPIA2 GTEx normal tissue RNA-seq
Figure_4B,THCA_Normal,BRD2,CPOX,0.45,0.00033,GEPIA2 GTEx normal tissue RNA-seq
Figure_4B,THCA_Normal,BRD2,FECH,0.62,1.4e-07,GEPIA2 GTEx normal tissue RNA-seq
Figure_4B,THCA_Normal,BRD2,HMBS,-0.032,0.81,GEPIA2 GTEx normal tissue RNA-seq
Figure_4B,THCA_Normal,BRD2,PPOX,0.15,0.25,GEPIA2 GTEx normal tissue RNA-seq
Figure_4B,THCA_Normal,BRD2,UROD,0.24,0.066,GEPIA2 GTEx normal tissue RNA-seq
Figure_4B,THCA_Normal,BRD2,UROS,0.21,0.11,GEPIA2 GTEx normal tissue RNA-seq
Figure_4B,THCA_Normal,BRD4,ALAD,0.45,0.00031,GEPIA2 GTEx normal tissue RNA-seq
Figure_4B,THCA_Normal,BRD4,ALAS1,0.31,0.016,GEPIA2 GTEx normal tissue RNA-seq
Figure_4B,THCA_Normal,BRD4,CPOX,0.35,0.0063,GEPIA2 GTEx normal tissue RNA-seq
Figure_4B,THCA_Normal,BRD4,FECH,0.44,0.00043,GEPIA2 GTEx normal tissue RNA-seq
Figure_4B,THCA_Normal,BRD4,HMBS,-0.23,0.084,GEPIA2 GTEx normal tissue RNA-seq
Figure_4B,THCA_Normal,BRD4,PPOX,-0.035,0.79●,GEPIA2 GTEx normal tissue RNA-seq
Figure_4B,THCA_Normal,BRD4,UROD,-0.023,0.86,GEPIA2 GTEx normal tissue RNA-seq
Figure_4B,THCA_Normal,BRD4,UROS,-0.12,0.35,GEPIA2 GTEx normal tissue RNA-seq
Figure_4B,THCA_Normal,H2AFZ,ALAD,-0.4,0.002,GEPIA2 GTEx normal tissue RNA-seq
Figure_4B,THCA_Normal,H2AFZ,ALAS1,-0.018,0.89,GEPIA2 GTEx normal tissue RNA-seq
Figure_4B,THCA_Normal,H2AFZ,CPOX,-0.018,0.89,GEPIA2 GTEx normal tissue RNA-seq
Figure_4B,THCA_Normal,H2AFZ,FECH,-0.19,0.14,GEPIA2 GTEx normal tissue RNA-seq
Figure_4B,THCA_Normal,H2AFZ,HMBS,-0.074,0.58,GEPIA2 GTEx normal tissue RNA-seq
Figure_4B,THCA_Normal,H2AFZ,PPOX,-0.16,0.22,GEPIA2 GTEx normal tissue RNA-seq
Figure_4B,THCA_Normal,H2AFZ,UROD,-0.35,0.0064,GEPIA2 GTEx normal tissue RNA-seq
Figure_4B,THCA_Normal,H2AFZ,UROS,-0.14,0.29,GEPIA2 GTEx normal tissue RNA-seq
Figure_4B,THYM_Normal,ATAD2,ALAD,-1.0,1,GEPIA2 GTEx normal tissue RNA-seq
Figure_4B,THYM_Normal,ATAD2,ALAS1,-1.0,1,GEPIA2 GTEx normal tissue RNA-seq
Figure_4B,THYM_Normal,ATAD2,CPOX,1.0,1,GEPIA2 GTEx normal tissue RNA-seq
Figure_4B,THYM_Normal,ATAD2,FECH,1.0,1,GEPIA2 GTEx normal tissue RNA-seq
Figure_4B,THYM_Normal,ATAD2,HMBS,1.0,1,GEPIA2 GTEx normal tissue RNA-seq
Figure_4B,THYM_Normal,ATAD2,PPOX,1.0,1,GEPIA2 GTEx normal tissue RNA-seq
Figure_4B,THYM_Normal,ATAD2,UROD,1.0,1,GEPIA2 GTEx normal tissue RNA-seq
Figure_4B,THYM_Normal,ATAD2,UROS,1.0,1,GEPIA2 GTEx normal tissue RNA-seq
Figure_4B,THYM_Normal,BRD2,ALAD,-1.0,1,GEPIA2 GTEx normal tissue RNA-seq
Figure_4B,THYM_Normal,BRD2,ALAS1,-1.0,1,GEPIA2 GTEx normal tissue RNA-seq
Figure_4B,THYM_Normal,BRD2,CPOX,1.0,1,GEPIA2 GTEx normal tissue RNA-seq
Figure_4B,THYM_Normal,BRD2,FECH,1.0,1,GEPIA2 GTEx normal tissue RNA-seq
Figure_4B,THYM_Normal,BRD2,HMBS,1.0,1,GEPIA2 GTEx normal tissue RNA-seq
Figure_4B,THYM_Normal,BRD2,PPOX,1.0,1,GEPIA2 GTEx normal tissue RNA-seq
Figure_4B,THYM_Normal,BRD2,UROD,1.0,1,GEPIA2 GTEx normal tissue RNA-seq
Figure_4B,THYM_Normal,BRD2,UROS,1.0,1,GEPIA2 GTEx normal tissue RNA-seq
Figure_4B,THYM_Normal,BRD4,ALAD,-1.0,1,GEPIA2 GTEx normal tissue RNA-seq
Figure_4B,THYM_Normal,BRD4,ALAS1,-1.0,1,GEPIA2 GTEx normal tissue RNA-seq
Figure_4B,THYM_Normal,BRD4,CPOX,1.0,1,GEPIA2 GTEx normal tissue RNA-seq
Figure_4B,THYM_Normal,BRD4,FECH,1.0,1,GEPIA2 GTEx normal tissue RNA-seq
Figure_4B,THYM_Normal,BRD4,HMBS,1.0,1,GEPIA2 GTEx normal tissue RNA-seq
Figure_4B,THYM_Normal,BRD4,PPOX,1.0,1,GEPIA2 GTEx normal tissue RNA-seq
Figure_4B,THYM_Normal,BRD4,UROD,1.0,1,GEPIA2 GTEx normal tissue RNA-seq
Figure_4B,THYM_Normal,BRD4,UROS,1.0,1,GEPIA2 GTEx normal tissue RNA-seq
Figure_4B,THYM_Normal,H2AFZ,ALAD,-1.0,1,GEPIA2 GTEx normal tissue RNA-seq
Figure_4B,THYM_Normal,H2AFZ,ALAS1,-1.0,1,GEPIA2 GTEx normal tissue RNA-seq
Figure_4B,THYM_Normal,H2AFZ,CPOX,1.0,1,GEPIA2 GTEx normal tissue RNA-seq
Figure_4B,THYM_Normal,H2AFZ,FECH,1.0,1,GEPIA2 GTEx normal tissue RNA-seq
Figure_4B,THYM_Normal,H2AFZ,HMBS,1.0,1,GEPIA2 GTEx normal tissue RNA-seq
Figure_4B,THYM_Normal,H2AFZ,PPOX,1.0,1,GEPIA2 GTEx normal tissue RNA-seq
Figure_4B,THYM_Normal,H2AFZ,UROD,1.0,1,GEPIA2 GTEx normal tissue RNA-seq
Figure_4B,THYM_Normal,H2AFZ,UROS,1.0,1,GEPIA2 GTEx normal tissue RNA-seq
Figure_4B,UCEC_Normal,ATAD2,ALAD,0.71,0.0081,GEPIA2 GTEx normal tissue RNA-seq
Figure_4B,UCEC_Normal,ATAD2,ALAS1,-0.049,0.88,GEPIA2 GTEx normal tissue RNA-seq
Figure_4B,UCEC_Normal,ATAD2,CPOX,0.9,0,GEPIA2 GTEx normal tissue RNA-seq
Figure_4B,UCEC_Normal,ATAD2,FECH,0.5,0.085,GEPIA2 GTEx normal tissue RNA-seq
Figure_4B,UCEC_Normal,ATAD2,HMBS,-0.44,0.14,GEPIA2 GTEx normal tissue RNA-seq
Figure_4B,UCEC_Normal,ATAD2,PPOX,-0.16,0.6,GEPIA2 GTEx normal tissue RNA-seq
Figure_4B,UCEC_Normal,ATAD2,UROD,0.1,0.74,GEPIA2 GTEx normal tissue RNA-seq
Figure_4B,UCEC_Normal,ATAD2,UROS,-0.57,0.047,GEPIA2 GTEx normal tissue RNA-seq
Figure_4B,UCEC_Normal,BRD2,ALAD,0.15,0.63,GEPIA2 GTEx normal tissue RNA-seq
Figure_4B,UCEC_Normal,BRD2,ALAS1,0.16,0.6,GEPIA2 GTEx normal tissue RNA-seq
Figure_4B,UCEC_Normal,BRD2,CPOX,0.53,0.067,GEPIA2 GTEx normal tissue RNA-seq
Figure_4B,UCEC_Normal,BRD2,FECH,0.12,0.7,GEPIA2 GTEx normal tissue RNA-seq
Figure_4B,UCEC_Normal,BRD2,HMBS,-0.082,0.79,GEPIA2 GTEx normal tissue RNA-seq
Figure_4B,UCEC_Normal,BRD2,PPOX,0.25,0.4,GEPIA2 GTEx normal tissue RNA-seq
Figure_4B,UCEC_Normal,BRD2,UROD,-0.53,0.064,GEPIA2 GTEx normal tissue RNA-seq
Figure_4B,UCEC_Normal,BRD2,UROS,-0.48,0.097,GEPIA2 GTEx normal tissue RNA-seq
Figure_4B,UCEC_Normal,BRD4,ALAD,0.53,0.067,GEPIA2 GTEx normal tissue RNA-seq
Figure_4B,UCEC_Normal,BRD4,ALAS1,0.24,0.43,GEPIA2 GTEx normal tissue RNA-seq
Figure_4B,UCEC_Normal,BRD4,CPOX,0.57,0.045,GEPIA2 GTEx normal tissue RNA-seq
Figure_4B,UCEC_Normal,BRD4,FECH,0.23,0.45,GEPIA2 GTEx normal tissue RNA-seq
Figure_4B,UCEC_Normal,BRD4,HMBS,-0.29,0.33,GEPIA2 GTEx normal tissue RNA-seq
Figure_4B,UCEC_Normal,BRD4,PPOX,-0.3,0.32,GEPIA2 GTEx normal tissue RNA-seq
Figure_4B,UCEC_Normal,BRD4,UROD,-0.093,0.76,GEPIA2 GTEx normal tissue RNA-seq
Figure_4B,UCEC_Normal,BRD4,UROS,-0.58,0.043,GEPIA2 GTEx normal tissue RNA-seq
Figure_4B,UCEC_Normal,H2AFZ,ALAD,0.63,0.025,GEPIA2 GTEx normal tissue RNA-seq
Figure_4B,UCEC_Normal,H2AFZ,ALAS1,0.22,0.47,GEPIA2 GTEx normal tissue RNA-seq
Figure_4B,UCEC_Normal,H2AFZ,CPOX,0.34,0.25,GEPIA2 GTEx normal tissue RNA-seq
Figure_4B,UCEC_Normal,H2AFZ,FECH,0.46,0.12,GEPIA2 GTEx normal tissue RNA-seq
Figure_4B,UCEC_Normal,H2AFZ,HMBS,-0.12,0.71,GEPIA2 GTEx normal tissue RNA-seq
Figure_4B,UCEC_Normal,H2AFZ,PPOX,-0.63,0.025,GEPIA2 GTEx normal tissue RNA-seq
Figure_4B,UCEC_Normal,H2AFZ,UROD,0.43,0.14,GEPIA2 GTEx normal tissue RNA-seq
Figure_4B,UCEC_Normal,H2AFZ,UROS,-0.41,0.17,GEPIA2 GTEx normal tissue RNA-seq
Figure_4B,POOLED_MEAN_22_tissues,ATAD2,ALAD,0.0141,0.00019,Pooled mean across 22 GTEx normal tissues
Figure_4B,POOLED_MEAN_22_tissues,ATAD2,ALAS1,-0.0053,0.00088,Pooled mean across 22 GTEx normal tissues
Figure_4B,POOLED_MEAN_22_tissues,ATAD2,CPOX,0.4223,0.0,Pooled mean across 22 GTEx normal tissues
Figure_4B,POOLED_MEAN_22_tissues,ATAD2,FECH,0.2343,0.0015,Pooled mean across 22 GTEx normal tissues
Figure_4B,POOLED_MEAN_22_tissues,ATAD2,HMBS,0.1481,0.0011,Pooled mean across 22 GTEx normal tissues
Figure_4B,POOLED_MEAN_22_tissues,ATAD2,PPOX,0.2812,0.00014,Pooled mean across 22 GTEx normal tissues
Figure_4B,POOLED_MEAN_22_tissues,ATAD2,UROD,-0.021,0.00081,Pooled mean across 22 GTEx normal tissues
Figure_4B,POOLED_MEAN_22_tissues,ATAD2,UROS,-0.0045,0.0027,Pooled mean across 22 GTEx normal tissues
Figure_4B,POOLED_MEAN_22_tissues,BRD2,ALAD,0.1106,0.00029,Pooled mean across 22 GTEx normal tissues
Figure_4B,POOLED_MEAN_22_tissues,BRD2,ALAS1,0.2267,0.00037,Pooled mean across 22 GTEx normal tissues
Figure_4B,POOLED_MEAN_22_tissues,BRD2,CPOX,0.3908,0.00033,Pooled mean across 22 GTEx normal tissues
Figure_4B,POOLED_MEAN_22_tissues,BRD2,FECH,0.2962,0.0096,Pooled mean across 22 GTEx normal tissues
Figure_4B,POOLED_MEAN_22_tissues,BRD2,HMBS,0.0448,0.0017,Pooled mean across 22 GTEx normal tissues
Figure_4B,POOLED_MEAN_22_tissues,BRD2,PPOX,0.327,0.00011,Pooled mean across 22 GTEx normal tissues
Figure_4B,POOLED_MEAN_22_tissues,BRD2,UROD,-0.008,0.00012,Pooled mean across 22 GTEx normal tissues
Figure_4B,POOLED_MEAN_22_tissues,BRD2,UROS,0.0047,0.0,Pooled mean across 22 GTEx normal tissues
Figure_4B,POOLED_MEAN_22_tissues,BRD4,ALAD,0.2123,0.00031,Pooled mean across 22 GTEx normal tissues
Figure_4B,POOLED_MEAN_22_tissues,BRD4,ALAS1,0.1771,0.00021,Pooled mean across 22 GTEx normal tissues
Figure_4B,POOLED_MEAN_22_tissues,BRD4,CPOX,0.4207,0.0019,Pooled mean across 22 GTEx normal tissues
Figure_4B,POOLED_MEAN_22_tissues,BRD4,FECH,0.382,0.00043,Pooled mean across 22 GTEx normal tissues
Figure_4B,POOLED_MEAN_22_tissues,BRD4,HMBS,-0.045,0.00034,Pooled mean across 22 GTEx normal tissues
Figure_4B,POOLED_MEAN_22_tissues,BRD4,PPOX,0.2056,0.0025,Pooled mean across 22 GTEx normal tissues
Figure_4B,POOLED_MEAN_22_tissues,BRD4,UROD,0.0229,0.0,Pooled mean across 22 GTEx normal tissues
Figure_4B,POOLED_MEAN_22_tissues,BRD4,UROS,-0.0645,0.0,Pooled mean across 22 GTEx normal tissues
Figure_4B,POOLED_MEAN_22_tissues,H2AFZ,ALAD,-0.2229,0.002,Pooled mean across 22 GTEx normal tissues
Figure_4B,POOLED_MEAN_22_tissues,H2AFZ,ALAS1,0.0723,0.0021,Pooled mean across 22 GTEx normal tissues
Figure_4B,POOLED_MEAN_22_tissues,H2AFZ,CPOX,0.2495,0.00054,Pooled mean across 22 GTEx normal tissues
Figure_4B,POOLED_MEAN_22_tissues,H2AFZ,FECH,0.1715,0.0031,Pooled mean across 22 GTEx normal tissues
Figure_4B,POOLED_MEAN_22_tissues,H2AFZ,HMBS,0.4866,0.00012,Pooled mean across 22 GTEx normal tissues
Figure_4B,POOLED_MEAN_22_tissues,H2AFZ,PPOX,0.1068,0.00024,Pooled mean across 22 GTEx normal tissues
Figure_4B,POOLED_MEAN_22_tissues,H2AFZ,UROD,0.4806,0.0033,Pooled mean across 22 GTEx normal tissues
Figure_4B,POOLED_MEAN_22_tissues,H2AFZ,UROS,0.3814,0.00026,Pooled mean across 22 GTEx normal tissues
