figure_panel,phase,analysis,gene1,gene2,dataset,spearman_R,p_value,status,path
Supplemental_pancancer_chromatin_heme,5A,focused_chromatin_vs_heme,ATAD2,ALAD,BRCA_Tumor,-0.037,0.22,ok,gepia_results_phase5/5A__focused_chromatin_vs_heme__BRCA_Tumor__ATAD2_vs_ALAD.pdf
Supplemental_pancancer_chromatin_heme,5A,focused_chromatin_vs_heme,ATAD2,ALAS1,BRCA_Tumor,0.21,3.2e-12,ok,gepia_results_phase5/5A__focused_chromatin_vs_heme__BRCA_Tumor__ATAD2_vs_ALAS1.pdf
Supplemental_pancancer_chromatin_heme,5A,focused_chromatin_vs_heme,ATAD2,CPOX,BRCA_Tumor,0.29,3.6000000000000003e-22,ok,gepia_results_phase5/5A__focused_chromatin_vs_heme__BRCA_Tumor__ATAD2_vs_CPOX.pdf
Supplemental_pancancer_chromatin_heme,5A,focused_chromatin_vs_heme,ATAD2,FECH,BRCA_Tumor,0.4,6.3e-42,ok,gepia_results_phase5/5A__focused_chromatin_vs_heme__BRCA_Tumor__ATAD2_vs_FECH.pdf
Supplemental_pancancer_chromatin_heme,5A,focused_chromatin_vs_heme,ATAD2,HMBS,BRCA_Tumor,0.17,1.5e-08,ok,gepia_results_phase5/5A__focused_chromatin_vs_heme__BRCA_Tumor__ATAD2_vs_HMBS.pdf
Supplemental_pancancer_chromatin_heme,5A,focused_chromatin_vs_heme,ATAD2,PPOX,BRCA_Tumor,-0.2,5.6e-11,ok,gepia_results_phase5/5A__focused_chromatin_vs_heme__BRCA_Tumor__ATAD2_vs_PPOX.pdf
Supplemental_pancancer_chromatin_heme,5A,focused_chromatin_vs_heme,ATAD2,UROD,BRCA_Tumor,-0.12,3.7e-05,ok,gepia_results_phase5/5A__focused_chromatin_vs_heme__BRCA_Tumor__ATAD2_vs_UROD.pdf
Supplemental_pancancer_chromatin_heme,5A,focused_chromatin_vs_heme,ATAD2,UROS,BRCA_Tumor,-0.069,0.024,ok,gepia_results_phase5/5A__focused_chromatin_vs_heme__BRCA_Tumor__ATAD2_vs_UROS.pdf
Supplemental_pancancer_chromatin_heme,5A,focused_chromatin_vs_heme,BRD2,ALAD,BRCA_Tumor,0.33,1.5000000000000002e-28,ok,gepia_results_phase5/5A__focused_chromatin_vs_heme__BRCA_Tumor__BRD2_vs_ALAD.pdf
Supplemental_pancancer_chromatin_heme,5A,focused_chromatin_vs_heme,BRD2,ALAS1,BRCA_Tumor,0.22,1.1e-13,ok,gepia_results_phase5/5A__focused_chromatin_vs_heme__BRCA_Tumor__BRD2_vs_ALAS1.pdf
Supplemental_pancancer_chromatin_heme,5A,focused_chromatin_vs_heme,BRD2,CPOX,BRCA_Tumor,0.37,2.1000000000000002e-36,ok,gepia_results_phase5/5A__focused_chromatin_vs_heme__BRCA_Tumor__BRD2_vs_CPOX.pdf
Supplemental_pancancer_chromatin_heme,5A,focused_chromatin_vs_heme,BRD2,FECH,BRCA_Tumor,0.47,5.4e-60,ok,gepia_results_phase5/5A__focused_chromatin_vs_heme__BRCA_Tumor__BRD2_vs_FECH.pdf
Supplemental_pancancer_chromatin_heme,5A,focused_chromatin_vs_heme,BRD2,HMBS,BRCA_Tumor,-0.04,0.19,ok,gepia_results_phase5/5A__focused_chromatin_vs_heme__BRCA_Tumor__BRD2_vs_HMBS.pdf
Supplemental_pancancer_chromatin_heme,5A,focused_chromatin_vs_heme,BRD2,PPOX,BRCA_Tumor,0.03,0.32,ok,gepia_results_phase5/5A__focused_chromatin_vs_heme__BRCA_Tumor__BRD2_vs_PPOX.pdf
Supplemental_pancancer_chromatin_heme,5A,focused_chromatin_vs_heme,BRD2,UROD,BRCA_Tumor,-0.012,0.69,ok,gepia_results_phase5/5A__focused_chromatin_vs_heme__BRCA_Tumor__BRD2_vs_UROD.pdf
Supplemental_pancancer_chromatin_heme,5A,focused_chromatin_vs_heme,BRD2,UROS,BRCA_Tumor,0.031,0.3,ok,gepia_results_phase5/5A__focused_chromatin_vs_heme__BRCA_Tumor__BRD2_vs_UROS.pdf
Supplemental_pancancer_chromatin_heme,5A,focused_chromatin_vs_heme,BRD4,ALAD,BRCA_Tumor,0.3,3.3e-24,ok,gepia_results_phase5/5A__focused_chromatin_vs_heme__BRCA_Tumor__BRD4_vs_ALAD.pdf
Supplemental_pancancer_chromatin_heme,5A,focused_chromatin_vs_heme,BRD4,ALAS1,BRCA_Tumor,0.22,6.7e-13,ok,gepia_results_phase5/5A__focused_chromatin_vs_heme__BRCA_Tumor__BRD4_vs_ALAS1.pdf
Supplemental_pancancer_chromatin_heme,5A,focused_chromatin_vs_heme,BRD4,CPOX,BRCA_Tumor,0.43,1.5e-50,ok,gepia_results_phase5/5A__focused_chromatin_vs_heme__BRCA_Tumor__BRD4_vs_CPOX.pdf
Supplemental_pancancer_chromatin_heme,5A,focused_chromatin_vs_heme,BRD4,FECH,BRCA_Tumor,0.42,5.9e-47,ok,gepia_results_phase5/5A__focused_chromatin_vs_heme__BRCA_Tumor__BRD4_vs_FECH.pdf
Supplemental_pancancer_chromatin_heme,5A,focused_chromatin_vs_heme,BRD4,HMBS,BRCA_Tumor,0.015,0.62,ok,gepia_results_phase5/5A__focused_chromatin_vs_heme__BRCA_Tumor__BRD4_vs_HMBS.pdf
Supplemental_pancancer_chromatin_heme,5A,focused_chromatin_vs_heme,BRD4,PPOX,BRCA_Tumor,0.006,0.84,ok,gepia_results_phase5/5A__focused_chromatin_vs_heme__BRCA_Tumor__BRD4_vs_PPOX.pdf
Supplemental_pancancer_chromatin_heme,5A,focused_chromatin_vs_heme,BRD4,UROD,BRCA_Tumor,0.1,0.00072,ok,gepia_results_phase5/5A__focused_chromatin_vs_heme__BRCA_Tumor__BRD4_vs_UROD.pdf
Supplemental_pancancer_chromatin_heme,5A,focused_chromatin_vs_heme,BRD4,UROS,BRCA_Tumor,-0.0085,0.78,ok,gepia_results_phase5/5A__focused_chromatin_vs_heme__BRCA_Tumor__BRD4_vs_UROS.pdf
Supplemental_pancancer_chromatin_heme,5A,focused_chromatin_vs_heme,H2AFZ,ALAD,BRCA_Tumor,-0.26,2.5e-18,ok,gepia_results_phase5/5A__focused_chromatin_vs_heme__BRCA_Tumor__H2AFZ_vs_ALAD.pdf
Supplemental_pancancer_chromatin_heme,5A,focused_chromatin_vs_heme,H2AFZ,ALAS1,BRCA_Tumor,0.12,9.2e-05,ok,gepia_results_phase5/5A__focused_chromatin_vs_heme__BRCA_Tumor__H2AFZ_vs_ALAS1.pdf
Supplemental_pancancer_chromatin_heme,5A,focused_chromatin_vs_heme,H2AFZ,CPOX,BRCA_Tumor,0.18,2e-09,ok,gepia_results_phase5/5A__focused_chromatin_vs_heme__BRCA_Tumor__H2AFZ_vs_CPOX.pdf
Supplemental_pancancer_chromatin_heme,5A,focused_chromatin_vs_heme,H2AFZ,FECH,BRCA_Tumor,0.13,2.3e-05,ok,gepia_results_phase5/5A__focused_chromatin_vs_heme__BRCA_Tumor__H2AFZ_vs_FECH.pdf
Supplemental_pancancer_chromatin_heme,5A,focused_chromatin_vs_heme,H2AFZ,HMBS,BRCA_Tumor,0.23,3.2e-14,ok,gepia_results_phase5/5A__focused_chromatin_vs_heme__BRCA_Tumor__H2AFZ_vs_HMBS.pdf
Supplemental_pancancer_chromatin_heme,5A,focused_chromatin_vs_heme,H2AFZ,PPOX,BRCA_Tumor,-0.1,0.00068,ok,gepia_results_phase5/5A__focused_chromatin_vs_heme__BRCA_Tumor__H2AFZ_vs_PPOX.pdf
Supplemental_pancancer_chromatin_heme,5A,focused_chromatin_vs_heme,H2AFZ,UROD,BRCA_Tumor,-0.028,0.36,ok,gepia_results_phase5/5A__focused_chromatin_vs_heme__BRCA_Tumor__H2AFZ_vs_UROD.pdf
Supplemental_pancancer_chromatin_heme,5A,focused_chromatin_vs_heme,H2AFZ,UROS,BRCA_Tumor,0.036,0.24,ok,gepia_results_phase5/5A__focused_chromatin_vs_heme__BRCA_Tumor__H2AFZ_vs_UROS.pdf
Supplemental_pancancer_chromatin_heme,5A,focused_chromatin_vs_heme,ATAD2,ALAD,COAD_Tumor,0.027,0.66,ok,gepia_results_phase5/5A__focused_chromatin_vs_heme__COAD_Tumor__ATAD2_vs_ALAD.pdf
Supplemental_pancancer_chromatin_heme,5A,focused_chromatin_vs_heme,ATAD2,ALAS1,COAD_Tumor,0.14,0.024,ok,gepia_results_phase5/5A__focused_chromatin_vs_heme__COAD_Tumor__ATAD2_vs_ALAS1.pdf
Supplemental_pancancer_chromatin_heme,5A,focused_chromatin_vs_heme,ATAD2,CPOX,COAD_Tumor,0.42,6.7e-13,ok,gepia_results_phase5/5A__focused_chromatin_vs_heme__COAD_Tumor__ATAD2_vs_CPOX.pdf
Supplemental_pancancer_chromatin_heme,5A,focused_chromatin_vs_heme,ATAD2,FECH,COAD_Tumor,0.19,0.0017,ok,gepia_results_phase5/5A__focused_chromatin_vs_heme__COAD_Tumor__ATAD2_vs_FECH.pdf
Supplemental_pancancer_chromatin_heme,5A,focused_chromatin_vs_heme,ATAD2,HMBS,COAD_Tumor,0.25,2.1e-05,ok,gepia_results_phase5/5A__focused_chromatin_vs_heme__COAD_Tumor__ATAD2_vs_HMBS.pdf
Supplemental_pancancer_chromatin_heme,5A,focused_chromatin_vs_heme,ATAD2,PPOX,COAD_Tumor,-0.033,0.58,ok,gepia_results_phase5/5A__focused_chromatin_vs_heme__COAD_Tumor__ATAD2_vs_PPOX.pdf
Supplemental_pancancer_chromatin_heme,5A,focused_chromatin_vs_heme,ATAD2,UROD,COAD_Tumor,0.024,0.69,ok,gepia_results_phase5/5A__focused_chromatin_vs_heme__COAD_Tumor__ATAD2_vs_UROD.pdf
Supplemental_pancancer_chromatin_heme,5A,focused_chromatin_vs_heme,ATAD2,UROS,COAD_Tumor,0.11,0.066,ok,gepia_results_phase5/5A__focused_chromatin_vs_heme__COAD_Tumor__ATAD2_vs_UROS.pdf
Supplemental_pancancer_chromatin_heme,5A,focused_chromatin_vs_heme,BRD2,ALAD,COAD_Tumor,0.3,5.3e-07,ok,gepia_results_phase5/5A__focused_chromatin_vs_heme__COAD_Tumor__BRD2_vs_ALAD.pdf
Supplemental_pancancer_chromatin_heme,5A,focused_chromatin_vs_heme,BRD2,ALAS1,COAD_Tumor,0.19,0.0013,ok,gepia_results_phase5/5A__focused_chromatin_vs_heme__COAD_Tumor__BRD2_vs_ALAS1.pdf
Supplemental_pancancer_chromatin_heme,5A,focused_chromatin_vs_heme,BRD2,CPOX,COAD_Tumor,0.43,4.7e-14,ok,gepia_results_phase5/5A__focused_chromatin_vs_heme__COAD_Tumor__BRD2_vs_CPOX.pdf
Supplemental_pancancer_chromatin_heme,5A,focused_chromatin_vs_heme,BRD2,FECH,COAD_Tumor,0.22,0.00021,ok,gepia_results_phase5/5A__focused_chromatin_vs_heme__COAD_Tumor__BRD2_vs_FECH.pdf
Supplemental_pancancer_chromatin_heme,5A,focused_chromatin_vs_heme,BRD2,HMBS,COAD_Tumor,0.069,0.25,ok,gepia_results_phase5/5A__focused_chromatin_vs_heme__COAD_Tumor__BRD2_vs_HMBS.pdf
Supplemental_pancancer_chromatin_heme,5A,focused_chromatin_vs_heme,BRD2,PPOX,COAD_Tumor,0.063,0.3,ok,gepia_results_phase5/5A__focused_chromatin_vs_heme__COAD_Tumor__BRD2_vs_PPOX.pdf
Supplemental_pancancer_chromatin_heme,5A,focused_chromatin_vs_heme,BRD2,UROD,COAD_Tumor,0.11,0.057,ok,gepia_results_phase5/5A__focused_chromatin_vs_heme__COAD_Tumor__BRD2_vs_UROD.pdf
Supplemental_pancancer_chromatin_heme,5A,focused_chromatin_vs_heme,BRD2,UROS,COAD_Tumor,-0.089,0.14,ok,gepia_results_phase5/5A__focused_chromatin_vs_heme__COAD_Tumor__BRD2_vs_UROS.pdf
Supplemental_pancancer_chromatin_heme,5A,focused_chromatin_vs_heme,BRD4,ALAD,COAD_Tumor,0.37,2.8e-10,ok,gepia_results_phase5/5A__focused_chromatin_vs_heme__COAD_Tumor__BRD4_vs_ALAD.pdf
Supplemental_pancancer_chromatin_heme,5A,focused_chromatin_vs_heme,BRD4,ALAS1,COAD_Tumor,0.13,0.026,ok,gepia_results_phase5/5A__focused_chromatin_vs_heme__COAD_Tumor__BRD4_vs_ALAS1.pdf
Supplemental_pancancer_chromatin_heme,5A,focused_chromatin_vs_heme,BRD4,CPOX,COAD_Tumor,0.38,1.3e-10,ok,gepia_results_phase5/5A__focused_chromatin_vs_heme__COAD_Tumor__BRD4_vs_CPOX.pdf
Supplemental_pancancer_chromatin_heme,5A,focused_chromatin_vs_heme,BRD4,FECH,COAD_Tumor,0.31,2.4e-07,ok,gepia_results_phase5/5A__focused_chromatin_vs_heme__COAD_Tumor__BRD4_vs_FECH.pdf
Supplemental_pancancer_chromatin_heme,5A,focused_chromatin_vs_heme,BRD4,HMBS,COAD_Tumor,-0.051,0.4,ok,gepia_results_phase5/5A__focused_chromatin_vs_heme__COAD_Tumor__BRD4_vs_HMBS.pdf
Supplemental_pancancer_chromatin_heme,5A,focused_chromatin_vs_heme,BRD4,PPOX,COAD_Tumor,0.027,0.65,ok,gepia_results_phase5/5A__focused_chromatin_vs_heme__COAD_Tumor__BRD4_vs_PPOX.pdf
Supplemental_pancancer_chromatin_heme,5A,focused_chromatin_vs_heme,BRD4,UROD,COAD_Tumor,0.038,0.53,ok,gepia_results_phase5/5A__focused_chromatin_vs_heme__COAD_Tumor__BRD4_vs_UROD.pdf
Supplemental_pancancer_chromatin_heme,5A,focused_chromatin_vs_heme,BRD4,UROS,COAD_Tumor,0.009,0.88,ok,gepia_results_phase5/5A__focused_chromatin_vs_heme__COAD_Tumor__BRD4_vs_UROS.pdf
Supplemental_pancancer_chromatin_heme,5A,focused_chromatin_vs_heme,H2AFZ,ALAD,COAD_Tumor,-0.32,4.1e-08,ok,gepia_results_phase5/5A__focused_chromatin_vs_heme__COAD_Tumor__H2AFZ_vs_ALAD.pdf
Supplemental_pancancer_chromatin_heme,5A,focused_chromatin_vs_heme,H2AFZ,ALAS1,COAD_Tumor,0.3,5.6e-07,ok,gepia_results_phase5/5A__focused_chromatin_vs_heme__COAD_Tumor__H2AFZ_vs_ALAS1.pdf
Supplemental_pancancer_chromatin_heme,5A,focused_chromatin_vs_heme,H2AFZ,CPOX,COAD_Tumor,0.32,3.9e-08,ok,gepia_results_phase5/5A__focused_chromatin_vs_heme__COAD_Tumor__H2AFZ_vs_CPOX.pdf
Supplemental_pancancer_chromatin_heme,5A,focused_chromatin_vs_heme,H2AFZ,FECH,COAD_Tumor,0.17,0.0039,ok,gepia_results_phase5/5A__focused_chromatin_vs_heme__COAD_Tumor__H2AFZ_vs_FECH.pdf
Supplemental_pancancer_chromatin_heme,5A,focused_chromatin_vs_heme,H2AFZ,HMBS,COAD_Tumor,0.51,1.1e-19,ok,gepia_results_phase5/5A__focused_chromatin_vs_heme__COAD_Tumor__H2AFZ_vs_HMBS.pdf
Supplemental_pancancer_chromatin_heme,5A,focused_chromatin_vs_heme,H2AFZ,PPOX,COAD_Tumor,-0.21,0.00038,ok,gepia_results_phase5/5A__focused_chromatin_vs_heme__COAD_Tumor__H2AFZ_vs_PPOX.pdf
Supplemental_pancancer_chromatin_heme,5A,focused_chromatin_vs_heme,H2AFZ,UROD,COAD_Tumor,0.19,0.0014,ok,gepia_results_phase5/5A__focused_chromatin_vs_heme__COAD_Tumor__H2AFZ_vs_UROD.pdf
Supplemental_pancancer_chromatin_heme,5A,focused_chromatin_vs_heme,H2AFZ,UROS,COAD_Tumor,0.29,1.3e-06,ok,gepia_results_phase5/5A__focused_chromatin_vs_heme__COAD_Tumor__H2AFZ_vs_UROS.pdf
Supplemental_pancancer_chromatin_heme,5A,focused_chromatin_vs_heme,ATAD2,ALAD,HNSC_Tumor,0.4,3.4e-21,ok,gepia_results_phase5/5A__focused_chromatin_vs_heme__HNSC_Tumor__ATAD2_vs_ALAD.pdf
Supplemental_pancancer_chromatin_heme,5A,focused_chromatin_vs_heme,ATAD2,ALAS1,HNSC_Tumor,0.22,7.2e-07,ok,gepia_results_phase5/5A__focused_chromatin_vs_heme__HNSC_Tumor__ATAD2_vs_ALAS1.pdf
Supplemental_pancancer_chromatin_heme,5A,focused_chromatin_vs_heme,ATAD2,CPOX,HNSC_Tumor,0.49,4.4e-32,ok,gepia_results_phase5/5A__focused_chromatin_vs_heme__HNSC_Tumor__ATAD2_vs_CPOX.pdf
Supplemental_pancancer_chromatin_heme,5A,focused_chromatin_vs_heme,ATAD2,FECH,HNSC_Tumor,0.46,5.9e-29,ok,gepia_results_phase5/5A__focused_chromatin_vs_heme__HNSC_Tumor__ATAD2_vs_FECH.pdf
Supplemental_pancancer_chromatin_heme,5A,focused_chromatin_vs_heme,ATAD2,HMBS,HNSC_Tumor,0.093,0.035,ok,gepia_results_phase5/5A__focused_chromatin_vs_heme__HNSC_Tumor__ATAD2_vs_HMBS.pdf
Supplemental_pancancer_chromatin_heme,5A,focused_chromatin_vs_heme,ATAD2,PPOX,HNSC_Tumor,0.16,0.00021,ok,gepia_results_phase5/5A__focused_chromatin_vs_heme__HNSC_Tumor__ATAD2_vs_PPOX.pdf
Supplemental_pancancer_chromatin_heme,5A,focused_chromatin_vs_heme,ATAD2,UROD,HNSC_Tumor,0.12,0.0062,ok,gepia_results_phase5/5A__focused_chromatin_vs_heme__HNSC_Tumor__ATAD2_vs_UROD.pdf
Supplemental_pancancer_chromatin_heme,5A,focused_chromatin_vs_heme,ATAD2,UROS,HNSC_Tumor,0.071,0.1,ok,gepia_results_phase5/5A__focused_chromatin_vs_heme__HNSC_Tumor__ATAD2_vs_UROS.pdf
Supplemental_pancancer_chromatin_heme,5A,focused_chromatin_vs_heme,BRD2,ALAD,HNSC_Tumor,0.48,5.399999999999999e-31,ok,gepia_results_phase5/5A__focused_chromatin_vs_heme__HNSC_Tumor__BRD2_vs_ALAD.pdf
Supplemental_pancancer_chromatin_heme,5A,focused_chromatin_vs_heme,BRD2,ALAS1,HNSC_Tumor,0.24,3.7e-08,ok,gepia_results_phase5/5A__focused_chromatin_vs_heme__HNSC_Tumor__BRD2_vs_ALAS1.pdf
Supplemental_pancancer_chromatin_heme,5A,focused_chromatin_vs_heme,BRD2,CPOX,HNSC_Tumor,0.48,9.500000000000001e-32,ok,gepia_results_phase5/5A__focused_chromatin_vs_heme__HNSC_Tumor__BRD2_vs_CPOX.pdf
Supplemental_pancancer_chromatin_heme,5A,focused_chromatin_vs_heme,BRD2,FECH,HNSC_Tumor,0.41,7.700000000000001e-23,ok,gepia_results_phase5/5A__focused_chromatin_vs_heme__HNSC_Tumor__BRD2_vs_FECH.pdf
Supplemental_pancancer_chromatin_heme,5A,focused_chromatin_vs_heme,BRD2,HMBS,HNSC_Tumor,0.037,0.4,ok,gepia_results_phase5/5A__focused_chromatin_vs_heme__HNSC_Tumor__BRD2_vs_HMBS.pdf
Supplemental_pancancer_chromatin_heme,5A,focused_chromatin_vs_heme,BRD2,PPOX,HNSC_Tumor,0.26,2.2e-09,ok,gepia_results_phase5/5A__focused_chromatin_vs_heme__HNSC_Tumor__BRD2_vs_PPOX.pdf
Supplemental_pancancer_chromatin_heme,5A,focused_chromatin_vs_heme,BRD2,UROD,HNSC_Tumor,0.0086,0.85,ok,gepia_results_phase5/5A__focused_chromatin_vs_heme__HNSC_Tumor__BRD2_vs_UROD.pdf
Supplemental_pancancer_chromatin_heme,5A,focused_chromatin_vs_heme,BRD2,UROS,HNSC_Tumor,0.046,0.3,ok,gepia_results_phase5/5A__focused_chromatin_vs_heme__HNSC_Tumor__BRD2_vs_UROS.pdf
Supplemental_pancancer_chromatin_heme,5A,focused_chromatin_vs_heme,BRD4,ALAD,HNSC_Tumor,0.49,1.9e-32,ok,gepia_results_phase5/5A__focused_chromatin_vs_heme__HNSC_Tumor__BRD4_vs_ALAD.pdf
Supplemental_pancancer_chromatin_heme,5A,focused_chromatin_vs_heme,BRD4,ALAS1,HNSC_Tumor,0.26,1.3e-09,ok,gepia_results_phase5/5A__focused_chromatin_vs_heme__HNSC_Tumor__BRD4_vs_ALAS1.pdf
Supplemental_pancancer_chromatin_heme,5A,focused_chromatin_vs_heme,BRD4,CPOX,HNSC_Tumor,0.44,1.4e-26,ok,gepia_results_phase5/5A__focused_chromatin_vs_heme__HNSC_Tumor__BRD4_vs_CPOX.pdf
Supplemental_pancancer_chromatin_heme,5A,focused_chromatin_vs_heme,BRD4,FECH,HNSC_Tumor,0.55,3.3e-42,ok,gepia_results_phase5/5A__focused_chromatin_vs_heme__HNSC_Tumor__BRD4_vs_FECH.pdf
Supplemental_pancancer_chromatin_heme,5A,focused_chromatin_vs_heme,BRD4,HMBS,HNSC_Tumor,0.06,0.17,ok,gepia_results_phase5/5A__focused_chromatin_vs_heme__HNSC_Tumor__BRD4_vs_HMBS.pdf
Supplemental_pancancer_chromatin_heme,5A,focused_chromatin_vs_heme,BRD4,PPOX,HNSC_Tumor,0.026,0.56,ok,gepia_results_phase5/5A__focused_chromatin_vs_heme__HNSC_Tumor__BRD4_vs_PPOX.pdf
Supplemental_pancancer_chromatin_heme,5A,focused_chromatin_vs_heme,BRD4,UROD,HNSC_Tumor,-0.14,0.001,ok,gepia_results_phase5/5A__focused_chromatin_vs_heme__HNSC_Tumor__BRD4_vs_UROD.pdf
Supplemental_pancancer_chromatin_heme,5A,focused_chromatin_vs_heme,BRD4,UROS,HNSC_Tumor,-0.028,0.53,ok,gepia_results_phase5/5A__focused_chromatin_vs_heme__HNSC_Tumor__BRD4_vs_UROS.pdf
Supplemental_pancancer_chromatin_heme,5A,focused_chromatin_vs_heme,H2AFZ,ALAD,HNSC_Tumor,0.11,0.016,ok,gepia_results_phase5/5A__focused_chromatin_vs_heme__HNSC_Tumor__H2AFZ_vs_ALAD.pdf
Supplemental_pancancer_chromatin_heme,5A,focused_chromatin_vs_heme,H2AFZ,ALAS1,HNSC_Tumor,0.22,3.6e-07,ok,gepia_results_phase5/5A__focused_chromatin_vs_heme__HNSC_Tumor__H2AFZ_vs_ALAS1.pdf
Supplemental_pancancer_chromatin_heme,5A,focused_chromatin_vs_heme,H2AFZ,CPOX,HNSC_Tumor,0.41,6.7e-23,ok,gepia_results_phase5/5A__focused_chromatin_vs_heme__HNSC_Tumor__H2AFZ_vs_CPOX.pdf
Supplemental_pancancer_chromatin_heme,5A,focused_chromatin_vs_heme,H2AFZ,FECH,HNSC_Tumor,0.21,1.2e-06,ok,gepia_results_phase5/5A__focused_chromatin_vs_heme__HNSC_Tumor__H2AFZ_vs_FECH.pdf
Supplemental_pancancer_chromatin_heme,5A,focused_chromatin_vs_heme,H2AFZ,HMBS,HNSC_Tumor,0.21,7.9e-07,ok,gepia_results_phase5/5A__focused_chromatin_vs_heme__HNSC_Tumor__H2AFZ_vs_HMBS.pdf
Supplemental_pancancer_chromatin_heme,5A,focused_chromatin_vs_heme,H2AFZ,PPOX,HNSC_Tumor,0.33,1.4e-14,ok,gepia_results_phase5/5A__focused_chromatin_vs_heme__HNSC_Tumor__H2AFZ_vs_PPOX.pdf
Supplemental_pancancer_chromatin_heme,5A,focused_chromatin_vs_heme,H2AFZ,UROD,HNSC_Tumor,0.28,1.3e-10,ok,gepia_results_phase5/5A__focused_chromatin_vs_heme__HNSC_Tumor__H2AFZ_vs_UROD.pdf
Supplemental_pancancer_chromatin_heme,5A,focused_chromatin_vs_heme,H2AFZ,UROS,HNSC_Tumor,0.2,5.7e-06,ok,gepia_results_phase5/5A__focused_chromatin_vs_heme__HNSC_Tumor__H2AFZ_vs_UROS.pdf
Supplemental_pancancer_chromatin_heme,5A,focused_chromatin_vs_heme,ATAD2,ALAD,KICH_Tumor,0.54,2.8e-06,ok,gepia_results_phase5/5A__focused_chromatin_vs_heme__KICH_Tumor__ATAD2_vs_ALAD.pdf
Supplemental_pancancer_chromatin_heme,5A,focused_chromatin_vs_heme,ATAD2,ALAS1,KICH_Tumor,0.27,0.027,ok,gepia_results_phase5/5A__focused_chromatin_vs_heme__KICH_Tumor__ATAD2_vs_ALAS1.pdf
Supplemental_pancancer_chromatin_heme,5A,focused_chromatin_vs_heme,ATAD2,CPOX,KICH_Tumor,0.54,2.7e-06,ok,gepia_results_phase5/5A__focused_chromatin_vs_heme__KICH_Tumor__ATAD2_vs_CPOX.pdf
Supplemental_pancancer_chromatin_heme,5A,focused_chromatin_vs_heme,ATAD2,FECH,KICH_Tumor,0.42,0.00038,ok,gepia_results_phase5/5A__focused_chromatin_vs_heme__KICH_Tumor__ATAD2_vs_FECH.pdf
Supplemental_pancancer_chromatin_heme,5A,focused_chromatin_vs_heme,ATAD2,HMBS,KICH_Tumor,0.25,0.044,ok,gepia_results_phase5/5A__focused_chromatin_vs_heme__KICH_Tumor__ATAD2_vs_HMBS.pdf
Supplemental_pancancer_chromatin_heme,5A,focused_chromatin_vs_heme,ATAD2,PPOX,KICH_Tumor,0.013,0.92,ok,gepia_results_phase5/5A__focused_chromatin_vs_heme__KICH_Tumor__ATAD2_vs_PPOX.pdf
Supplemental_pancancer_chromatin_heme,5A,focused_chromatin_vs_heme,ATAD2,UROD,KICH_Tumor,0.46,9e-05,ok,gepia_results_phase5/5A__focused_chromatin_vs_heme__KICH_Tumor__ATAD2_vs_UROD.pdf
Supplemental_pancancer_chromatin_heme,5A,focused_chromatin_vs_heme,ATAD2,UROS,KICH_Tumor,0.04,0.75,ok,gepia_results_phase5/5A__focused_chromatin_vs_heme__KICH_Tumor__ATAD2_vs_UROS.pdf
Supplemental_pancancer_chromatin_heme,5A,focused_chromatin_vs_heme,BRD2,ALAD,KICH_Tumor,0.63,2.5e-08,ok,gepia_results_phase5/5A__focused_chromatin_vs_heme__KICH_Tumor__BRD2_vs_ALAD.pdf
Supplemental_pancancer_chromatin_heme,5A,focused_chromatin_vs_heme,BRD2,ALAS1,KICH_Tumor,0.28,0.022,ok,gepia_results_phase5/5A__focused_chromatin_vs_heme__KICH_Tumor__BRD2_vs_ALAS1.pdf
Supplemental_pancancer_chromatin_heme,5A,focused_chromatin_vs_heme,BRD2,CPOX,KICH_Tumor,0.14,0.25,ok,gepia_results_phase5/5A__focused_chromatin_vs_heme__KICH_Tumor__BRD2_vs_CPOX.pdf
Supplemental_pancancer_chromatin_heme,5A,focused_chromatin_vs_heme,BRD2,FECH,KICH_Tumor,0.46,9.3e-05,ok,gepia_results_phase5/5A__focused_chromatin_vs_heme__KICH_Tumor__BRD2_vs_FECH.pdf
Supplemental_pancancer_chromatin_heme,5A,focused_chromatin_vs_heme,BRD2,HMBS,KICH_Tumor,0.47,6.9e-05,ok,gepia_results_phase5/5A__focused_chromatin_vs_heme__KICH_Tumor__BRD2_vs_HMBS.pdf
Supplemental_pancancer_chromatin_heme,5A,focused_chromatin_vs_heme,BRD2,PPOX,KICH_Tumor,0.36,0.003,ok,gepia_results_phase5/5A__focused_chromatin_vs_heme__KICH_Tumor__BRD2_vs_PPOX.pdf
Supplemental_pancancer_chromatin_heme,5A,focused_chromatin_vs_heme,BRD2,UROD,KICH_Tumor,0.41,0.00081,ok,gepia_results_phase5/5A__focused_chromatin_vs_heme__KICH_Tumor__BRD2_vs_UROD.pdf
Supplemental_pancancer_chromatin_heme,5A,focused_chromatin_vs_heme,BRD2,UROS,KICH_Tumor,0.32,0.0086,ok,gepia_results_phase5/5A__focused_chromatin_vs_heme__KICH_Tumor__BRD2_vs_UROS.pdf
Supplemental_pancancer_chromatin_heme,5A,focused_chromatin_vs_heme,BRD4,ALAD,KICH_Tumor,0.6,2.3e-07,ok,gepia_results_phase5/5A__focused_chromatin_vs_heme__KICH_Tumor__BRD4_vs_ALAD.pdf
Supplemental_pancancer_chromatin_heme,5A,focused_chromatin_vs_heme,BRD4,ALAS1,KICH_Tumor,0.34,0.0056,ok,gepia_results_phase5/5A__focused_chromatin_vs_heme__KICH_Tumor__BRD4_vs_ALAS1.pdf
Supplemental_pancancer_chromatin_heme,5A,focused_chromatin_vs_heme,BRD4,CPOX,KICH_Tumor,0.54,3.1e-06,ok,gepia_results_phase5/5A__focused_chromatin_vs_heme__KICH_Tumor__BRD4_vs_CPOX.pdf
Supplemental_pancancer_chromatin_heme,5A,focused_chromatin_vs_heme,BRD4,FECH,KICH_Tumor,0.5,2.2e-05,ok,gepia_results_phase5/5A__focused_chromatin_vs_heme__KICH_Tumor__BRD4_vs_FECH.pdf
Supplemental_pancancer_chromatin_heme,5A,focused_chromatin_vs_heme,BRD4,HMBS,KICH_Tumor,0.35,0.0046,ok,gepia_results_phase5/5A__focused_chromatin_vs_heme__KICH_Tumor__BRD4_vs_HMBS.pdf
Supplemental_pancancer_chromatin_heme,5A,focused_chromatin_vs_heme,BRD4,PPOX,KICH_Tumor,0.34,0.0048,ok,gepia_results_phase5/5A__focused_chromatin_vs_heme__KICH_Tumor__BRD4_vs_PPOX.pdf
Supplemental_pancancer_chromatin_heme,5A,focused_chromatin_vs_heme,BRD4,UROD,KICH_Tumor,0.65,6.8e-09,ok,gepia_results_phase5/5A__focused_chromatin_vs_heme__KICH_Tumor__BRD4_vs_UROD.pdf
Supplemental_pancancer_chromatin_heme,5A,focused_chromatin_vs_heme,BRD4,UROS,KICH_Tumor,0.24,0.048,ok,gepia_results_phase5/5A__focused_chromatin_vs_heme__KICH_Tumor__BRD4_vs_UROS.pdf
Supplemental_pancancer_chromatin_heme,5A,focused_chromatin_vs_heme,H2AFZ,ALAD,KICH_Tumor,0.48,6.3e-05,ok,gepia_results_phase5/5A__focused_chromatin_vs_heme__KICH_Tumor__H2AFZ_vs_ALAD.pdf
Supplemental_pancancer_chromatin_heme,5A,focused_chromatin_vs_heme,H2AFZ,ALAS1,KICH_Tumor,0.25,0.042,ok,gepia_results_phase5/5A__focused_chromatin_vs_heme__KICH_Tumor__H2AFZ_vs_ALAS1.pdf
Supplemental_pancancer_chromatin_heme,5A,focused_chromatin_vs_heme,H2AFZ,CPOX,KICH_Tumor,0.62,3e-08,ok,gepia_results_phase5/5A__focused_chromatin_vs_heme__KICH_Tumor__H2AFZ_vs_CPOX.pdf
Supplemental_pancancer_chromatin_heme,5A,focused_chromatin_vs_heme,H2AFZ,FECH,KICH_Tumor,0.28,0.023,ok,gepia_results_phase5/5A__focused_chromatin_vs_heme__KICH_Tumor__H2AFZ_vs_FECH.pdf
Supplemental_pancancer_chromatin_heme,5A,focused_chromatin_vs_heme,H2AFZ,HMBS,KICH_Tumor,0.45,0.0002,ok,gepia_results_phase5/5A__focused_chromatin_vs_heme__KICH_Tumor__H2AFZ_vs_HMBS.pdf
Supplemental_pancancer_chromatin_heme,5A,focused_chromatin_vs_heme,H2AFZ,PPOX,KICH_Tumor,-0.0082,0.95,ok,gepia_results_phase5/5A__focused_chromatin_vs_heme__KICH_Tumor__H2AFZ_vs_PPOX.pdf
Supplemental_pancancer_chromatin_heme,5A,focused_chromatin_vs_heme,H2AFZ,UROD,KICH_Tumor,0.61,1.2e-07,ok,gepia_results_phase5/5A__focused_chromatin_vs_heme__KICH_Tumor__H2AFZ_vs_UROD.pdf
Supplemental_pancancer_chromatin_heme,5A,focused_chromatin_vs_heme,H2AFZ,UROS,KICH_Tumor,0.19,0.13,ok,gepia_results_phase5/5A__focused_chromatin_vs_heme__KICH_Tumor__H2AFZ_vs_UROS.pdf
Supplemental_pancancer_chromatin_heme,5A,focused_chromatin_vs_heme,ATAD2,ALAD,KIRC_Tumor,0.3,2.9e-12,ok,gepia_results_phase5/5A__focused_chromatin_vs_heme__KIRC_Tumor__ATAD2_vs_ALAD.pdf
Supplemental_pancancer_chromatin_heme,5A,focused_chromatin_vs_heme,ATAD2,ALAS1,KIRC_Tumor,0.2,3.1e-06,ok,gepia_results_phase5/5A__focused_chromatin_vs_heme__KIRC_Tumor__ATAD2_vs_ALAS1.pdf
Supplemental_pancancer_chromatin_heme,5A,focused_chromatin_vs_heme,ATAD2,CPOX,KIRC_Tumor,0.57,6.4e-47,ok,gepia_results_phase5/5A__focused_chromatin_vs_heme__KIRC_Tumor__ATAD2_vs_CPOX.pdf
Supplemental_pancancer_chromatin_heme,5A,focused_chromatin_vs_heme,ATAD2,FECH,KIRC_Tumor,0.4,2.5e-21,ok,gepia_results_phase5/5A__focused_chromatin_vs_heme__KIRC_Tumor__ATAD2_vs_FECH.pdf
Supplemental_pancancer_chromatin_heme,5A,focused_chromatin_vs_heme,ATAD2,HMBS,KIRC_Tumor,0.14,0.0013,ok,gepia_results_phase5/5A__focused_chromatin_vs_heme__KIRC_Tumor__ATAD2_vs_HMBS.pdf
Supplemental_pancancer_chromatin_heme,5A,focused_chromatin_vs_heme,ATAD2,PPOX,KIRC_Tumor,-0.00025,1.0,ok,gepia_results_phase5/5A__focused_chromatin_vs_heme__KIRC_Tumor__ATAD2_vs_PPOX.pdf
Supplemental_pancancer_chromatin_heme,5A,focused_chromatin_vs_heme,ATAD2,UROD,KIRC_Tumor,0.012,0.78,ok,gepia_results_phase5/5A__focused_chromatin_vs_heme__KIRC_Tumor__ATAD2_vs_UROD.pdf
Supplemental_pancancer_chromatin_heme,5A,focused_chromatin_vs_heme,ATAD2,UROS,KIRC_Tumor,0.091,0.037,ok,gepia_results_phase5/5A__focused_chromatin_vs_heme__KIRC_Tumor__ATAD2_vs_UROS.pdf
Supplemental_pancancer_chromatin_heme,5A,focused_chromatin_vs_heme,BRD2,ALAD,KIRC_Tumor,0.54,4.1999999999999997e-41,ok,gepia_results_phase5/5A__focused_chromatin_vs_heme__KIRC_Tumor__BRD2_vs_ALAD.pdf
Supplemental_pancancer_chromatin_heme,5A,focused_chromatin_vs_heme,BRD2,ALAS1,KIRC_Tumor,0.28,1.3e-10,ok,gepia_results_phase5/5A__focused_chromatin_vs_heme__KIRC_Tumor__BRD2_vs_ALAS1.pdf
Supplemental_pancancer_chromatin_heme,5A,focused_chromatin_vs_heme,BRD2,CPOX,KIRC_Tumor,0.33,8e-15,ok,gepia_results_phase5/5A__focused_chromatin_vs_heme__KIRC_Tumor__BRD2_vs_CPOX.pdf
Supplemental_pancancer_chromatin_heme,5A,focused_chromatin_vs_heme,BRD2,FECH,KIRC_Tumor,0.45,9.8e-28,ok,gepia_results_phase5/5A__focused_chromatin_vs_heme__KIRC_Tumor__BRD2_vs_FECH.pdf
Supplemental_pancancer_chromatin_heme,5A,focused_chromatin_vs_heme,BRD2,HMBS,KIRC_Tumor,-0.077,0.077,ok,gepia_results_phase5/5A__focused_chromatin_vs_heme__KIRC_Tumor__BRD2_vs_HMBS.pdf
Supplemental_pancancer_chromatin_heme,5A,focused_chromatin_vs_heme,BRD2,PPOX,KIRC_Tumor,0.32,2.6e-14,ok,gepia_results_phase5/5A__focused_chromatin_vs_heme__KIRC_Tumor__BRD2_vs_PPOX.pdf
Supplemental_pancancer_chromatin_heme,5A,focused_chromatin_vs_heme,BRD2,UROD,KIRC_Tumor,0.21,8e-07,ok,gepia_results_phase5/5A__focused_chromatin_vs_heme__KIRC_Tumor__BRD2_vs_UROD.pdf
Supplemental_pancancer_chromatin_heme,5A,focused_chromatin_vs_heme,BRD2,UROS,KIRC_Tumor,-0.046,0.3,ok,gepia_results_phase5/5A__focused_chromatin_vs_heme__KIRC_Tumor__BRD2_vs_UROS.pdf
Supplemental_pancancer_chromatin_heme,5A,focused_chromatin_vs_heme,BRD4,ALAD,KIRC_Tumor,0.43,1.0999999999999998e-24,ok,gepia_results_phase5/5A__focused_chromatin_vs_heme__KIRC_Tumor__BRD4_vs_ALAD.pdf
Supplemental_pancancer_chromatin_heme,5A,focused_chromatin_vs_heme,BRD4,ALAS1,KIRC_Tumor,0.33,3.8e-15,ok,gepia_results_phase5/5A__focused_chromatin_vs_heme__KIRC_Tumor__BRD4_vs_ALAS1.pdf
Supplemental_pancancer_chromatin_heme,5A,focused_chromatin_vs_heme,BRD4,CPOX,KIRC_Tumor,0.36,7e-18,ok,gepia_results_phase5/5A__focused_chromatin_vs_heme__KIRC_Tumor__BRD4_vs_CPOX.pdf
Supplemental_pancancer_chromatin_heme,5A,focused_chromatin_vs_heme,BRD4,FECH,KIRC_Tumor,0.45,3.8e-27,ok,gepia_results_phase5/5A__focused_chromatin_vs_heme__KIRC_Tumor__BRD4_vs_FECH.pdf
Supplemental_pancancer_chromatin_heme,5A,focused_chromatin_vs_heme,BRD4,HMBS,KIRC_Tumor,-0.019,0.67,ok,gepia_results_phase5/5A__focused_chromatin_vs_heme__KIRC_Tumor__BRD4_vs_HMBS.pdf
Supplemental_pancancer_chromatin_heme,5A,focused_chromatin_vs_heme,BRD4,PPOX,KIRC_Tumor,0.18,2.4e-05,ok,gepia_results_phase5/5A__focused_chromatin_vs_heme__KIRC_Tumor__BRD4_vs_PPOX.pdf
Supplemental_pancancer_chromatin_heme,5A,focused_chromatin_vs_heme,BRD4,UROD,KIRC_Tumor,0.074,0.09,ok,gepia_results_phase5/5A__focused_chromatin_vs_heme__KIRC_Tumor__BRD4_vs_UROD.pdf
Supplemental_pancancer_chromatin_heme,5A,focused_chromatin_vs_heme,BRD4,UROS,KIRC_Tumor,-0.11,0.012,ok,gepia_results_phase5/5A__focused_chromatin_vs_heme__KIRC_Tumor__BRD4_vs_UROS.pdf
Supplemental_pancancer_chromatin_heme,5A,focused_chromatin_vs_heme,H2AFZ,ALAD,KIRC_Tumor,0.25,4.7e-09,ok,gepia_results_phase5/5A__focused_chromatin_vs_heme__KIRC_Tumor__H2AFZ_vs_ALAD.pdf
Supplemental_pancancer_chromatin_heme,5A,focused_chromatin_vs_heme,H2AFZ,ALAS1,KIRC_Tumor,0.35,1.4e-16,ok,gepia_results_phase5/5A__focused_chromatin_vs_heme__KIRC_Tumor__H2AFZ_vs_ALAS1.pdf
Supplemental_pancancer_chromatin_heme,5A,focused_chromatin_vs_heme,H2AFZ,CPOX,KIRC_Tumor,0.42,3.2000000000000003e-23,ok,gepia_results_phase5/5A__focused_chromatin_vs_heme__KIRC_Tumor__H2AFZ_vs_CPOX.pdf
Supplemental_pancancer_chromatin_heme,5A,focused_chromatin_vs_heme,H2AFZ,FECH,KIRC_Tumor,0.29,2.5e-11,ok,gepia_results_phase5/5A__focused_chromatin_vs_heme__KIRC_Tumor__H2AFZ_vs_FECH.pdf
Supplemental_pancancer_chromatin_heme,5A,focused_chromatin_vs_heme,H2AFZ,HMBS,KIRC_Tumor,0.15,0.00044,ok,gepia_results_phase5/5A__focused_chromatin_vs_heme__KIRC_Tumor__H2AFZ_vs_HMBS.pdf
Supplemental_pancancer_chromatin_heme,5A,focused_chromatin_vs_heme,H2AFZ,PPOX,KIRC_Tumor,-0.044,0.32,ok,gepia_results_phase5/5A__focused_chromatin_vs_heme__KIRC_Tumor__H2AFZ_vs_PPOX.pdf
Supplemental_pancancer_chromatin_heme,5A,focused_chromatin_vs_heme,H2AFZ,UROD,KIRC_Tumor,0.29,1e-11,ok,gepia_results_phase5/5A__focused_chromatin_vs_heme__KIRC_Tumor__H2AFZ_vs_UROD.pdf
Supplemental_pancancer_chromatin_heme,5A,focused_chromatin_vs_heme,H2AFZ,UROS,KIRC_Tumor,0.16,0.0003,ok,gepia_results_phase5/5A__focused_chromatin_vs_heme__KIRC_Tumor__H2AFZ_vs_UROS.pdf
Supplemental_pancancer_chromatin_heme,5A,focused_chromatin_vs_heme,ATAD2,ALAD,KIRP_Tumor,0.36,2.7e-10,ok,gepia_results_phase5/5A__focused_chromatin_vs_heme__KIRP_Tumor__ATAD2_vs_ALAD.pdf
Supplemental_pancancer_chromatin_heme,5A,focused_chromatin_vs_heme,ATAD2,ALAS1,KIRP_Tumor,0.05,0.4,ok,gepia_results_phase5/5A__focused_chromatin_vs_heme__KIRP_Tumor__ATAD2_vs_ALAS1.pdf
Supplemental_pancancer_chromatin_heme,5A,focused_chromatin_vs_heme,ATAD2,CPOX,KIRP_Tumor,0.63,2.2e-33,ok,gepia_results_phase5/5A__focused_chromatin_vs_heme__KIRP_Tumor__ATAD2_vs_CPOX.pdf
Supplemental_pancancer_chromatin_heme,5A,focused_chromatin_vs_heme,ATAD2,FECH,KIRP_Tumor,0.41,5.6e-13,ok,gepia_results_phase5/5A__focused_chromatin_vs_heme__KIRP_Tumor__ATAD2_vs_FECH.pdf
Supplemental_pancancer_chromatin_heme,5A,focused_chromatin_vs_heme,ATAD2,HMBS,KIRP_Tumor,0.023,0.7,ok,gepia_results_phase5/5A__focused_chromatin_vs_heme__KIRP_Tumor__ATAD2_vs_HMBS.pdf
Supplemental_pancancer_chromatin_heme,5A,focused_chromatin_vs_heme,ATAD2,PPOX,KIRP_Tumor,-0.11,0.058,ok,gepia_results_phase5/5A__focused_chromatin_vs_heme__KIRP_Tumor__ATAD2_vs_PPOX.pdf
Supplemental_pancancer_chromatin_heme,5A,focused_chromatin_vs_heme,ATAD2,UROD,KIRP_Tumor,-0.047,0.43,ok,gepia_results_phase5/5A__focused_chromatin_vs_heme__KIRP_Tumor__ATAD2_vs_UROD.pdf
Supplemental_pancancer_chromatin_heme,5A,focused_chromatin_vs_heme,ATAD2,UROS,KIRP_Tumor,-0.02,0.74,ok,gepia_results_phase5/5A__focused_chromatin_vs_heme__KIRP_Tumor__ATAD2_vs_UROS.pdf
Supplemental_pancancer_chromatin_heme,5A,focused_chromatin_vs_heme,BRD2,ALAD,KIRP_Tumor,0.47,3.3e-17,ok,gepia_results_phase5/5A__focused_chromatin_vs_heme__KIRP_Tumor__BRD2_vs_ALAD.pdf
Supplemental_pancancer_chromatin_heme,5A,focused_chromatin_vs_heme,BRD2,ALAS1,KIRP_Tumor,0.23,6.7e-05,ok,gepia_results_phase5/5A__focused_chromatin_vs_heme__KIRP_Tumor__BRD2_vs_ALAS1.pdf
Supplemental_pancancer_chromatin_heme,5A,focused_chromatin_vs_heme,BRD2,CPOX,KIRP_Tumor,0.6,6.3e-29,ok,gepia_results_phase5/5A__focused_chromatin_vs_heme__KIRP_Tumor__BRD2_vs_CPOX.pdf
Supplemental_pancancer_chromatin_heme,5A,focused_chromatin_vs_heme,BRD2,FECH,KIRP_Tumor,0.33,1.5e-08,ok,gepia_results_phase5/5A__focused_chromatin_vs_heme__KIRP_Tumor__BRD2_vs_FECH.pdf
Supplemental_pancancer_chromatin_heme,5A,focused_chromatin_vs_heme,BRD2,HMBS,KIRP_Tumor,0.19,0.00097,ok,gepia_results_phase5/5A__focused_chromatin_vs_heme__KIRP_Tumor__BRD2_vs_HMBS.pdf
Supplemental_pancancer_chromatin_heme,5A,focused_chromatin_vs_heme,BRD2,PPOX,KIRP_Tumor,0.18,0.0021,ok,gepia_results_phase5/5A__focused_chromatin_vs_heme__KIRP_Tumor__BRD2_vs_PPOX.pdf
Supplemental_pancancer_chromatin_heme,5A,focused_chromatin_vs_heme,BRD2,UROD,KIRP_Tumor,0.16,0.0073,ok,gepia_results_phase5/5A__focused_chromatin_vs_heme__KIRP_Tumor__BRD2_vs_UROD.pdf
Supplemental_pancancer_chromatin_heme,5A,focused_chromatin_vs_heme,BRD2,UROS,KIRP_Tumor,0.021,0.73,ok,gepia_results_phase5/5A__focused_chromatin_vs_heme__KIRP_Tumor__BRD2_vs_UROS.pdf
Supplemental_pancancer_chromatin_heme,5A,focused_chromatin_vs_heme,BRD4,ALAD,KIRP_Tumor,0.47,5.3e-17,ok,gepia_results_phase5/5A__focused_chromatin_vs_heme__KIRP_Tumor__BRD4_vs_ALAD.pdf
Supplemental_pancancer_chromatin_heme,5A,focused_chromatin_vs_heme,BRD4,ALAS1,KIRP_Tumor,0.21,0.00036,ok,gepia_results_phase5/5A__focused_chromatin_vs_heme__KIRP_Tumor__BRD4_vs_ALAS1.pdf
Supplemental_pancancer_chromatin_heme,5A,focused_chromatin_vs_heme,BRD4,CPOX,KIRP_Tumor,0.64,2.5e-34,ok,gepia_results_phase5/5A__focused_chromatin_vs_heme__KIRP_Tumor__BRD4_vs_CPOX.pdf
Supplemental_pancancer_chromatin_heme,5A,focused_chromatin_vs_heme,BRD4,FECH,KIRP_Tumor,0.44,1.2e-14,ok,gepia_results_phase5/5A__focused_chromatin_vs_heme__KIRP_Tumor__BRD4_vs_FECH.pdf
Supplemental_pancancer_chromatin_heme,5A,focused_chromatin_vs_heme,BRD4,HMBS,KIRP_Tumor,0.13,0.023,ok,gepia_results_phase5/5A__focused_chromatin_vs_heme__KIRP_Tumor__BRD4_vs_HMBS.pdf
Supplemental_pancancer_chromatin_heme,5A,focused_chromatin_vs_heme,BRD4,PPOX,KIRP_Tumor,0.057,0.34,ok,gepia_results_phase5/5A__focused_chromatin_vs_heme__KIRP_Tumor__BRD4_vs_PPOX.pdf
Supplemental_pancancer_chromatin_heme,5A,focused_chromatin_vs_heme,BRD4,UROD,KIRP_Tumor,0.032,0.59,ok,gepia_results_phase5/5A__focused_chromatin_vs_heme__KIRP_Tumor__BRD4_vs_UROD.pdf
Supplemental_pancancer_chromatin_heme,5A,focused_chromatin_vs_heme,BRD4,UROS,KIRP_Tumor,-0.048,0.42,ok,gepia_results_phase5/5A__focused_chromatin_vs_heme__KIRP_Tumor__BRD4_vs_UROS.pdf
Supplemental_pancancer_chromatin_heme,5A,focused_chromatin_vs_heme,H2AFZ,ALAD,KIRP_Tumor,0.37,8.1e-11,ok,gepia_results_phase5/5A__focused_chromatin_vs_heme__KIRP_Tumor__H2AFZ_vs_ALAD.pdf
Supplemental_pancancer_chromatin_heme,5A,focused_chromatin_vs_heme,H2AFZ,ALAS1,KIRP_Tumor,0.14,0.018,ok,gepia_results_phase5/5A__focused_chromatin_vs_heme__KIRP_Tumor__H2AFZ_vs_ALAS1.pdf
Supplemental_pancancer_chromatin_heme,5A,focused_chromatin_vs_heme,H2AFZ,CPOX,KIRP_Tumor,0.39,6.2e-12,ok,gepia_results_phase5/5A__focused_chromatin_vs_heme__KIRP_Tumor__H2AFZ_vs_CPOX.pdf
Supplemental_pancancer_chromatin_heme,5A,focused_chromatin_vs_heme,H2AFZ,FECH,KIRP_Tumor,0.34,3.8e-09,ok,gepia_results_phase5/5A__focused_chromatin_vs_heme__KIRP_Tumor__H2AFZ_vs_FECH.pdf
Supplemental_pancancer_chromatin_heme,5A,focused_chromatin_vs_heme,H2AFZ,HMBS,KIRP_Tumor,0.1,0.08,ok,gepia_results_phase5/5A__focused_chromatin_vs_heme__KIRP_Tumor__H2AFZ_vs_HMBS.pdf
Supplemental_pancancer_chromatin_heme,5A,focused_chromatin_vs_heme,H2AFZ,PPOX,KIRP_Tumor,-0.032,0.59,ok,gepia_results_phase5/5A__focused_chromatin_vs_heme__KIRP_Tumor__H2AFZ_vs_PPOX.pdf
Supplemental_pancancer_chromatin_heme,5A,focused_chromatin_vs_heme,H2AFZ,UROD,KIRP_Tumor,0.32,2.8e-08,ok,gepia_results_phase5/5A__focused_chromatin_vs_heme__KIRP_Tumor__H2AFZ_vs_UROD.pdf
Supplemental_pancancer_chromatin_heme,5A,focused_chromatin_vs_heme,H2AFZ,UROS,KIRP_Tumor,0.11,0.071,ok,gepia_results_phase5/5A__focused_chromatin_vs_heme__KIRP_Tumor__H2AFZ_vs_UROS.pdf
Supplemental_pancancer_chromatin_heme,5A,focused_chromatin_vs_heme,ATAD2,ALAD,LIHC_Tumor,0.057,0.28,ok,gepia_results_phase5/5A__focused_chromatin_vs_heme__LIHC_Tumor__ATAD2_vs_ALAD.pdf
Supplemental_pancancer_chromatin_heme,5A,focused_chromatin_vs_heme,ATAD2,ALAS1,LIHC_Tumor,-0.079,0.13,ok,gepia_results_phase5/5A__focused_chromatin_vs_heme__LIHC_Tumor__ATAD2_vs_ALAS1.pdf
Supplemental_pancancer_chromatin_heme,5A,focused_chromatin_vs_heme,ATAD2,CPOX,LIHC_Tumor,0.34,2.3e-11,ok,gepia_results_phase5/5A__focused_chromatin_vs_heme__LIHC_Tumor__ATAD2_vs_CPOX.pdf
Supplemental_pancancer_chromatin_heme,5A,focused_chromatin_vs_heme,ATAD2,FECH,LIHC_Tumor,0.19,0.00025,ok,gepia_results_phase5/5A__focused_chromatin_vs_heme__LIHC_Tumor__ATAD2_vs_FECH.pdf
Supplemental_pancancer_chromatin_heme,5A,focused_chromatin_vs_heme,ATAD2,HMBS,LIHC_Tumor,0.22,1.6e-05,ok,gepia_results_phase5/5A__focused_chromatin_vs_heme__LIHC_Tumor__ATAD2_vs_HMBS.pdf
Supplemental_pancancer_chromatin_heme,5A,focused_chromatin_vs_heme,ATAD2,PPOX,LIHC_Tumor,0.22,3.1e-05,ok,gepia_results_phase5/5A__focused_chromatin_vs_heme__LIHC_Tumor__ATAD2_vs_PPOX.pdf
Supplemental_pancancer_chromatin_heme,5A,focused_chromatin_vs_heme,ATAD2,UROD,LIHC_Tumor,-0.027,0.61,ok,gepia_results_phase5/5A__focused_chromatin_vs_heme__LIHC_Tumor__ATAD2_vs_UROD.pdf
Supplemental_pancancer_chromatin_heme,5A,focused_chromatin_vs_heme,ATAD2,UROS,LIHC_Tumor,-0.0093,0.86,ok,gepia_results_phase5/5A__focused_chromatin_vs_heme__LIHC_Tumor__ATAD2_vs_UROS.pdf
Supplemental_pancancer_chromatin_heme,5A,focused_chromatin_vs_heme,BRD2,ALAD,LIHC_Tumor,0.32,3.4e-10,ok,gepia_results_phase5/5A__focused_chromatin_vs_heme__LIHC_Tumor__BRD2_vs_ALAD.pdf
Supplemental_pancancer_chromatin_heme,5A,focused_chromatin_vs_heme,BRD2,ALAS1,LIHC_Tumor,0.018,0.72,ok,gepia_results_phase5/5A__focused_chromatin_vs_heme__LIHC_Tumor__BRD2_vs_ALAS1.pdf
Supplemental_pancancer_chromatin_heme,5A,focused_chromatin_vs_heme,BRD2,CPOX,LIHC_Tumor,0.48,4.6e-23,ok,gepia_results_phase5/5A__focused_chromatin_vs_heme__LIHC_Tumor__BRD2_vs_CPOX.pdf
Supplemental_pancancer_chromatin_heme,5A,focused_chromatin_vs_heme,BRD2,FECH,LIHC_Tumor,0.39,4e-15,ok,gepia_results_phase5/5A__focused_chromatin_vs_heme__LIHC_Tumor__BRD2_vs_FECH.pdf
Supplemental_pancancer_chromatin_heme,5A,focused_chromatin_vs_heme,BRD2,HMBS,LIHC_Tumor,0.21,4.8e-05,ok,gepia_results_phase5/5A__focused_chromatin_vs_heme__LIHC_Tumor__BRD2_vs_HMBS.pdf
Supplemental_pancancer_chromatin_heme,5A,focused_chromatin_vs_heme,BRD2,PPOX,LIHC_Tumor,0.14,0.0062,ok,gepia_results_phase5/5A__focused_chromatin_vs_heme__LIHC_Tumor__BRD2_vs_PPOX.pdf
Supplemental_pancancer_chromatin_heme,5A,focused_chromatin_vs_heme,BRD2,UROD,LIHC_Tumor,0.064,0.22,ok,gepia_results_phase5/5A__focused_chromatin_vs_heme__LIHC_Tumor__BRD2_vs_UROD.pdf
Supplemental_pancancer_chromatin_heme,5A,focused_chromatin_vs_heme,BRD2,UROS,LIHC_Tumor,0.035,0.5,ok,gepia_results_phase5/5A__focused_chromatin_vs_heme__LIHC_Tumor__BRD2_vs_UROS.pdf
Supplemental_pancancer_chromatin_heme,5A,focused_chromatin_vs_heme,BRD4,ALAD,LIHC_Tumor,0.32,4.9e-10,ok,gepia_results_phase5/5A__focused_chromatin_vs_heme__LIHC_Tumor__BRD4_vs_ALAD.pdf
Supplemental_pancancer_chromatin_heme,5A,focused_chromatin_vs_heme,BRD4,ALAS1,LIHC_Tumor,-0.081,0.12,ok,gepia_results_phase5/5A__focused_chromatin_vs_heme__LIHC_Tumor__BRD4_vs_ALAS1.pdf
Supplemental_pancancer_chromatin_heme,5A,focused_chromatin_vs_heme,BRD4,CPOX,LIHC_Tumor,0.58,4.6e-34,ok,gepia_results_phase5/5A__focused_chromatin_vs_heme__LIHC_Tumor__BRD4_vs_CPOX.pdf
Supplemental_pancancer_chromatin_heme,5A,focused_chromatin_vs_heme,BRD4,FECH,LIHC_Tumor,0.37,1.7e-13,ok,gepia_results_phase5/5A__focused_chromatin_vs_heme__LIHC_Tumor__BRD4_vs_FECH.pdf
Supplemental_pancancer_chromatin_heme,5A,focused_chromatin_vs_heme,BRD4,HMBS,LIHC_Tumor,0.24,2.7e-06,ok,gepia_results_phase5/5A__focused_chromatin_vs_heme__LIHC_Tumor__BRD4_vs_HMBS.pdf
Supplemental_pancancer_chromatin_heme,5A,focused_chromatin_vs_heme,BRD4,PPOX,LIHC_Tumor,0.15,0.0041,ok,gepia_results_phase5/5A__focused_chromatin_vs_heme__LIHC_Tumor__BRD4_vs_PPOX.pdf
Supplemental_pancancer_chromatin_heme,5A,focused_chromatin_vs_heme,BRD4,UROD,LIHC_Tumor,0.0075,0.89,ok,gepia_results_phase5/5A__focused_chromatin_vs_heme__LIHC_Tumor__BRD4_vs_UROD.pdf
Supplemental_pancancer_chromatin_heme,5A,focused_chromatin_vs_heme,BRD4,UROS,LIHC_Tumor,0.039,0.46,ok,gepia_results_phase5/5A__focused_chromatin_vs_heme__LIHC_Tumor__BRD4_vs_UROS.pdf
Supplemental_pancancer_chromatin_heme,5A,focused_chromatin_vs_heme,H2AFZ,ALAD,LIHC_Tumor,-0.14,0.0064,ok,gepia_results_phase5/5A__focused_chromatin_vs_heme__LIHC_Tumor__H2AFZ_vs_ALAD.pdf
Supplemental_pancancer_chromatin_heme,5A,focused_chromatin_vs_heme,H2AFZ,ALAS1,LIHC_Tumor,-0.29,2.2e-08,ok,gepia_results_phase5/5A__focused_chromatin_vs_heme__LIHC_Tumor__H2AFZ_vs_ALAS1.pdf
Supplemental_pancancer_chromatin_heme,5A,focused_chromatin_vs_heme,H2AFZ,CPOX,LIHC_Tumor,0.35,2.8e-12,ok,gepia_results_phase5/5A__focused_chromatin_vs_heme__LIHC_Tumor__H2AFZ_vs_CPOX.pdf
Supplemental_pancancer_chromatin_heme,5A,focused_chromatin_vs_heme,H2AFZ,FECH,LIHC_Tumor,0.14,0.0056,ok,gepia_results_phase5/5A__focused_chromatin_vs_heme__LIHC_Tumor__H2AFZ_vs_FECH.pdf
Supplemental_pancancer_chromatin_heme,5A,focused_chromatin_vs_heme,H2AFZ,HMBS,LIHC_Tumor,0.37,1.8e-13,ok,gepia_results_phase5/5A__focused_chromatin_vs_heme__LIHC_Tumor__H2AFZ_vs_HMBS.pdf
Supplemental_pancancer_chromatin_heme,5A,focused_chromatin_vs_heme,H2AFZ,PPOX,LIHC_Tumor,0.28,4.3e-08,ok,gepia_results_phase5/5A__focused_chromatin_vs_heme__LIHC_Tumor__H2AFZ_vs_PPOX.pdf
Supplemental_pancancer_chromatin_heme,5A,focused_chromatin_vs_heme,H2AFZ,UROD,LIHC_Tumor,0.36,5.3e-13,ok,gepia_results_phase5/5A__focused_chromatin_vs_heme__LIHC_Tumor__H2AFZ_vs_UROD.pdf
Supplemental_pancancer_chromatin_heme,5A,focused_chromatin_vs_heme,H2AFZ,UROS,LIHC_Tumor,0.077,0.14,ok,gepia_results_phase5/5A__focused_chromatin_vs_heme__LIHC_Tumor__H2AFZ_vs_UROS.pdf
Supplemental_pancancer_chromatin_heme,5A,focused_chromatin_vs_heme,ATAD2,ALAD,LUAD_Tumor,0.0044,0.92,ok,gepia_results_phase5/5A__focused_chromatin_vs_heme__LUAD_Tumor__ATAD2_vs_ALAD.pdf
Supplemental_pancancer_chromatin_heme,5A,focused_chromatin_vs_heme,ATAD2,ALAS1,LUAD_Tumor,0.093,0.042,ok,gepia_results_phase5/5A__focused_chromatin_vs_heme__LUAD_Tumor__ATAD2_vs_ALAS1.pdf
Supplemental_pancancer_chromatin_heme,5A,focused_chromatin_vs_heme,ATAD2,CPOX,LUAD_Tumor,0.39,1.4e-18,ok,gepia_results_phase5/5A__focused_chromatin_vs_heme__LUAD_Tumor__ATAD2_vs_CPOX.pdf
Supplemental_pancancer_chromatin_heme,5A,focused_chromatin_vs_heme,ATAD2,FECH,LUAD_Tumor,0.31,3.4e-12,ok,gepia_results_phase5/5A__focused_chromatin_vs_heme__LUAD_Tumor__ATAD2_vs_FECH.pdf
Supplemental_pancancer_chromatin_heme,5A,focused_chromatin_vs_heme,ATAD2,HMBS,LUAD_Tumor,0.3,2.3e-11,ok,gepia_results_phase5/5A__focused_chromatin_vs_heme__LUAD_Tumor__ATAD2_vs_HMBS.pdf
Supplemental_pancancer_chromatin_heme,5A,focused_chromatin_vs_heme,ATAD2,PPOX,LUAD_Tumor,-0.14,0.0018,ok,gepia_results_phase5/5A__focused_chromatin_vs_heme__LUAD_Tumor__ATAD2_vs_PPOX.pdf
Supplemental_pancancer_chromatin_heme,5A,focused_chromatin_vs_heme,ATAD2,UROD,LUAD_Tumor,-0.094,0.038,ok,gepia_results_phase5/5A__focused_chromatin_vs_heme__LUAD_Tumor__ATAD2_vs_UROD.pdf
Supplemental_pancancer_chromatin_heme,5A,focused_chromatin_vs_heme,ATAD2,UROS,LUAD_Tumor,0.023,0.61,ok,gepia_results_phase5/5A__focused_chromatin_vs_heme__LUAD_Tumor__ATAD2_vs_UROS.pdf
Supplemental_pancancer_chromatin_heme,5A,focused_chromatin_vs_heme,BRD2,ALAD,LUAD_Tumor,0.36,2.8e-16,ok,gepia_results_phase5/5A__focused_chromatin_vs_heme__LUAD_Tumor__BRD2_vs_ALAD.pdf
Supplemental_pancancer_chromatin_heme,5A,focused_chromatin_vs_heme,BRD2,ALAS1,LUAD_Tumor,0.27,1.2e-09,ok,gepia_results_phase5/5A__focused_chromatin_vs_heme__LUAD_Tumor__BRD2_vs_ALAS1.pdf
Supplemental_pancancer_chromatin_heme,5A,focused_chromatin_vs_heme,BRD2,CPOX,LUAD_Tumor,0.35,1e-15,ok,gepia_results_phase5/5A__focused_chromatin_vs_heme__LUAD_Tumor__BRD2_vs_CPOX.pdf
Supplemental_pancancer_chromatin_heme,5A,focused_chromatin_vs_heme,BRD2,FECH,LUAD_Tumor,0.38,4.8e-18,ok,gepia_results_phase5/5A__focused_chromatin_vs_heme__LUAD_Tumor__BRD2_vs_FECH.pdf
Supplemental_pancancer_chromatin_heme,5A,focused_chromatin_vs_heme,BRD2,HMBS,LUAD_Tumor,0.12,0.0074,ok,gepia_results_phase5/5A__focused_chromatin_vs_heme__LUAD_Tumor__BRD2_vs_HMBS.pdf
Supplemental_pancancer_chromatin_heme,5A,focused_chromatin_vs_heme,BRD2,PPOX,LUAD_Tumor,0.23,2.8e-07,ok,gepia_results_phase5/5A__focused_chromatin_vs_heme__LUAD_Tumor__BRD2_vs_PPOX.pdf
Supplemental_pancancer_chromatin_heme,5A,focused_chromatin_vs_heme,BRD2,UROD,LUAD_Tumor,-0.037,0.41,ok,gepia_results_phase5/5A__focused_chromatin_vs_heme__LUAD_Tumor__BRD2_vs_UROD.pdf
Supplemental_pancancer_chromatin_heme,5A,focused_chromatin_vs_heme,BRD2,UROS,LUAD_Tumor,0.095,0.037,ok,gepia_results_phase5/5A__focused_chromatin_vs_heme__LUAD_Tumor__BRD2_vs_UROS.pdf
Supplemental_pancancer_chromatin_heme,5A,focused_chromatin_vs_heme,BRD4,ALAD,LUAD_Tumor,0.26,8.3e-09,ok,gepia_results_phase5/5A__focused_chromatin_vs_heme__LUAD_Tumor__BRD4_vs_ALAD.pdf
Supplemental_pancancer_chromatin_heme,5A,focused_chromatin_vs_heme,BRD4,ALAS1,LUAD_Tumor,0.24,1.3e-07,ok,gepia_results_phase5/5A__focused_chromatin_vs_heme__LUAD_Tumor__BRD4_vs_ALAS1.pdf
Supplemental_pancancer_chromatin_heme,5A,focused_chromatin_vs_heme,BRD4,CPOX,LUAD_Tumor,0.35,5.6e-15,ok,gepia_results_phase5/5A__focused_chromatin_vs_heme__LUAD_Tumor__BRD4_vs_CPOX.pdf
Supplemental_pancancer_chromatin_heme,5A,focused_chromatin_vs_heme,BRD4,FECH,LUAD_Tumor,0.23,4.5e-07,ok,gepia_results_phase5/5A__focused_chromatin_vs_heme__LUAD_Tumor__BRD4_vs_FECH.pdf
Supplemental_pancancer_chromatin_heme,5A,focused_chromatin_vs_heme,BRD4,HMBS,LUAD_Tumor,0.042,0.36,ok,gepia_results_phase5/5A__focused_chromatin_vs_heme__LUAD_Tumor__BRD4_vs_HMBS.pdf
Supplemental_pancancer_chromatin_heme,5A,focused_chromatin_vs_heme,BRD4,PPOX,LUAD_Tumor,-0.026,0.56,ok,gepia_results_phase5/5A__focused_chromatin_vs_heme__LUAD_Tumor__BRD4_vs_PPOX.pdf
Supplemental_pancancer_chromatin_heme,5A,focused_chromatin_vs_heme,BRD4,UROD,LUAD_Tumor,-0.087,0.055,ok,gepia_results_phase5/5A__focused_chromatin_vs_heme__LUAD_Tumor__BRD4_vs_UROD.pdf
Supplemental_pancancer_chromatin_heme,5A,focused_chromatin_vs_heme,BRD4,UROS,LUAD_Tumor,-0.02,0.66,ok,gepia_results_phase5/5A__focused_chromatin_vs_heme__LUAD_Tumor__BRD4_vs_UROS.pdf
Supplemental_pancancer_chromatin_heme,5A,focused_chromatin_vs_heme,H2AFZ,ALAD,LUAD_Tumor,-0.25,3.2e-08,ok,gepia_results_phase5/5A__focused_chromatin_vs_heme__LUAD_Tumor__H2AFZ_vs_ALAD.pdf
Supplemental_pancancer_chromatin_heme,5A,focused_chromatin_vs_heme,H2AFZ,ALAS1,LUAD_Tumor,-0.032,0.48,ok,gepia_results_phase5/5A__focused_chromatin_vs_heme__LUAD_Tumor__H2AFZ_vs_ALAS1.pdf
Supplemental_pancancer_chromatin_heme,5A,focused_chromatin_vs_heme,H2AFZ,CPOX,LUAD_Tumor,0.25,4.3e-08,ok,gepia_results_phase5/5A__focused_chromatin_vs_heme__LUAD_Tumor__H2AFZ_vs_CPOX.pdf
Supplemental_pancancer_chromatin_heme,5A,focused_chromatin_vs_heme,H2AFZ,FECH,LUAD_Tumor,0.27,2e-09,ok,gepia_results_phase5/5A__focused_chromatin_vs_heme__LUAD_Tumor__H2AFZ_vs_FECH.pdf
Supplemental_pancancer_chromatin_heme,5A,focused_chromatin_vs_heme,H2AFZ,HMBS,LUAD_Tumor,0.39,2.7e-19,ok,gepia_results_phase5/5A__focused_chromatin_vs_heme__LUAD_Tumor__H2AFZ_vs_HMBS.pdf
Supplemental_pancancer_chromatin_heme,5A,focused_chromatin_vs_heme,H2AFZ,PPOX,LUAD_Tumor,-0.22,1.3e-06,ok,gepia_results_phase5/5A__focused_chromatin_vs_heme__LUAD_Tumor__H2AFZ_vs_PPOX.pdf
Supplemental_pancancer_chromatin_heme,5A,focused_chromatin_vs_heme,H2AFZ,UROD,LUAD_Tumor,0.12,0.0065,ok,gepia_results_phase5/5A__focused_chromatin_vs_heme__LUAD_Tumor__H2AFZ_vs_UROD.pdf
Supplemental_pancancer_chromatin_heme,5A,focused_chromatin_vs_heme,H2AFZ,UROS,LUAD_Tumor,0.063,0.17,ok,gepia_results_phase5/5A__focused_chromatin_vs_heme__LUAD_Tumor__H2AFZ_vs_UROS.pdf
Supplemental_pancancer_chromatin_heme,5A,focused_chromatin_vs_heme,ATAD2,ALAD,LUSC_Tumor,0.22,9e-07,ok,gepia_results_phase5/5A__focused_chromatin_vs_heme__LUSC_Tumor__ATAD2_vs_ALAD.pdf
Supplemental_pancancer_chromatin_heme,5A,focused_chromatin_vs_heme,ATAD2,ALAS1,LUSC_Tumor,0.24,1.4e-07,ok,gepia_results_phase5/5A__focused_chromatin_vs_heme__LUSC_Tumor__ATAD2_vs_ALAS1.pdf
Supplemental_pancancer_chromatin_heme,5A,focused_chromatin_vs_heme,ATAD2,CPOX,LUSC_Tumor,0.37,7.2e-17,ok,gepia_results_phase5/5A__focused_chromatin_vs_heme__LUSC_Tumor__ATAD2_vs_CPOX.pdf
Supplemental_pancancer_chromatin_heme,5A,focused_chromatin_vs_heme,ATAD2,FECH,LUSC_Tumor,0.23,4.9e-07,ok,gepia_results_phase5/5A__focused_chromatin_vs_heme__LUSC_Tumor__ATAD2_vs_FECH.pdf
Supplemental_pancancer_chromatin_heme,5A,focused_chromatin_vs_heme,ATAD2,HMBS,LUSC_Tumor,0.27,2.6e-09,ok,gepia_results_phase5/5A__focused_chromatin_vs_heme__LUSC_Tumor__ATAD2_vs_HMBS.pdf
Supplemental_pancancer_chromatin_heme,5A,focused_chromatin_vs_heme,ATAD2,PPOX,LUSC_Tumor,0.13,0.0053,ok,gepia_results_phase5/5A__focused_chromatin_vs_heme__LUSC_Tumor__ATAD2_vs_PPOX.pdf
Supplemental_pancancer_chromatin_heme,5A,focused_chromatin_vs_heme,ATAD2,UROD,LUSC_Tumor,0.036,0.43,ok,gepia_results_phase5/5A__focused_chromatin_vs_heme__LUSC_Tumor__ATAD2_vs_UROD.pdf
Supplemental_pancancer_chromatin_heme,5A,focused_chromatin_vs_heme,ATAD2,UROS,LUSC_Tumor,0.053,0.25,ok,gepia_results_phase5/5A__focused_chromatin_vs_heme__LUSC_Tumor__ATAD2_vs_UROS.pdf
Supplemental_pancancer_chromatin_heme,5A,focused_chromatin_vs_heme,BRD2,ALAD,LUSC_Tumor,0.32,3e-13,ok,gepia_results_phase5/5A__focused_chromatin_vs_heme__LUSC_Tumor__BRD2_vs_ALAD.pdf
Supplemental_pancancer_chromatin_heme,5A,focused_chromatin_vs_heme,BRD2,ALAS1,LUSC_Tumor,0.24,6.2e-08,ok,gepia_results_phase5/5A__focused_chromatin_vs_heme__LUSC_Tumor__BRD2_vs_ALAS1.pdf
Supplemental_pancancer_chromatin_heme,5A,focused_chromatin_vs_heme,BRD2,CPOX,LUSC_Tumor,0.23,4.2e-07,ok,gepia_results_phase5/5A__focused_chromatin_vs_heme__LUSC_Tumor__BRD2_vs_CPOX.pdf
Supplemental_pancancer_chromatin_heme,5A,focused_chromatin_vs_heme,BRD2,FECH,LUSC_Tumor,0.26,5.1e-09,ok,gepia_results_phase5/5A__focused_chromatin_vs_heme__LUSC_Tumor__BRD2_vs_FECH.pdf
Supplemental_pancancer_chromatin_heme,5A,focused_chromatin_vs_heme,BRD2,HMBS,LUSC_Tumor,0.15,0.00064,ok,gepia_results_phase5/5A__focused_chromatin_vs_heme__LUSC_Tumor__BRD2_vs_HMBS.pdf
Supplemental_pancancer_chromatin_heme,5A,focused_chromatin_vs_heme,BRD2,PPOX,LUSC_Tumor,0.33,3.7e-14,ok,gepia_results_phase5/5A__focused_chromatin_vs_heme__LUSC_Tumor__BRD2_vs_PPOX.pdf
Supplemental_pancancer_chromatin_heme,5A,focused_chromatin_vs_heme,BRD2,UROD,LUSC_Tumor,0.081,0.074,ok,gepia_results_phase5/5A__focused_chromatin_vs_heme__LUSC_Tumor__BRD2_vs_UROD.pdf
Supplemental_pancancer_chromatin_heme,5A,focused_chromatin_vs_heme,BRD2,UROS,LUSC_Tumor,-0.054,0.24,ok,gepia_results_phase5/5A__focused_chromatin_vs_heme__LUSC_Tumor__BRD2_vs_UROS.pdf
Supplemental_pancancer_chromatin_heme,5A,focused_chromatin_vs_heme,BRD4,ALAD,LUSC_Tumor,0.42,8.6e-22,ok,gepia_results_phase5/5A__focused_chromatin_vs_heme__LUSC_Tumor__BRD4_vs_ALAD.pdf
Supplemental_pancancer_chromatin_heme,5A,focused_chromatin_vs_heme,BRD4,ALAS1,LUSC_Tumor,0.34,6.2e-15,ok,gepia_results_phase5/5A__focused_chromatin_vs_heme__LUSC_Tumor__BRD4_vs_ALAS1.pdf
Supplemental_pancancer_chromatin_heme,5A,focused_chromatin_vs_heme,BRD4,CPOX,LUSC_Tumor,0.35,9.2e-16,ok,gepia_results_phase5/5A__focused_chromatin_vs_heme__LUSC_Tumor__BRD4_vs_CPOX.pdf
Supplemental_pancancer_chromatin_heme,5A,focused_chromatin_vs_heme,BRD4,FECH,LUSC_Tumor,0.37,7.4e-17,ok,gepia_results_phase5/5A__focused_chromatin_vs_heme__LUSC_Tumor__BRD4_vs_FECH.pdf
Supplemental_pancancer_chromatin_heme,5A,focused_chromatin_vs_heme,BRD4,HMBS,LUSC_Tumor,0.098,0.031,ok,gepia_results_phase5/5A__focused_chromatin_vs_heme__LUSC_Tumor__BRD4_vs_HMBS.pdf
Supplemental_pancancer_chromatin_heme,5A,focused_chromatin_vs_heme,BRD4,PPOX,LUSC_Tumor,0.21,5e-06,ok,gepia_results_phase5/5A__focused_chromatin_vs_heme__LUSC_Tumor__BRD4_vs_PPOX.pdf
Supplemental_pancancer_chromatin_heme,5A,focused_chromatin_vs_heme,BRD4,UROD,LUSC_Tumor,-0.18,5e-05,ok,gepia_results_phase5/5A__focused_chromatin_vs_heme__LUSC_Tumor__BRD4_vs_UROD.pdf
Supplemental_pancancer_chromatin_heme,5A,focused_chromatin_vs_heme,BRD4,UROS,LUSC_Tumor,0.067,0.14,ok,gepia_results_phase5/5A__focused_chromatin_vs_heme__LUSC_Tumor__BRD4_vs_UROS.pdf
Supplemental_pancancer_chromatin_heme,5A,focused_chromatin_vs_heme,H2AFZ,ALAD,LUSC_Tumor,0.068,0.14,ok,gepia_results_phase5/5A__focused_chromatin_vs_heme__LUSC_Tumor__H2AFZ_vs_ALAD.pdf
Supplemental_pancancer_chromatin_heme,5A,focused_chromatin_vs_heme,H2AFZ,ALAS1,LUSC_Tumor,0.16,0.00043,ok,gepia_results_phase5/5A__focused_chromatin_vs_heme__LUSC_Tumor__H2AFZ_vs_ALAS1.pdf
Supplemental_pancancer_chromatin_heme,5A,focused_chromatin_vs_heme,H2AFZ,CPOX,LUSC_Tumor,0.31,3.7e-12,ok,gepia_results_phase5/5A__focused_chromatin_vs_heme__LUSC_Tumor__H2AFZ_vs_CPOX.pdf
Supplemental_pancancer_chromatin_heme,5A,focused_chromatin_vs_heme,H2AFZ,FECH,LUSC_Tumor,0.34,5.5e-15,ok,gepia_results_phase5/5A__focused_chromatin_vs_heme__LUSC_Tumor__H2AFZ_vs_FECH.pdf
Supplemental_pancancer_chromatin_heme,5A,focused_chromatin_vs_heme,H2AFZ,HMBS,LUSC_Tumor,0.36,6e-16,ok,gepia_results_phase5/5A__focused_chromatin_vs_heme__LUSC_Tumor__H2AFZ_vs_HMBS.pdf
Supplemental_pancancer_chromatin_heme,5A,focused_chromatin_vs_heme,H2AFZ,PPOX,LUSC_Tumor,0.012,0.8,ok,gepia_results_phase5/5A__focused_chromatin_vs_heme__LUSC_Tumor__H2AFZ_vs_PPOX.pdf
Supplemental_pancancer_chromatin_heme,5A,focused_chromatin_vs_heme,H2AFZ,UROD,LUSC_Tumor,0.08,0.077,ok,gepia_results_phase5/5A__focused_chromatin_vs_heme__LUSC_Tumor__H2AFZ_vs_UROD.pdf
Supplemental_pancancer_chromatin_heme,5A,focused_chromatin_vs_heme,H2AFZ,UROS,LUSC_Tumor,0.16,0.00037,ok,gepia_results_phase5/5A__focused_chromatin_vs_heme__LUSC_Tumor__H2AFZ_vs_UROS.pdf
Supplemental_pancancer_chromatin_heme,5A,focused_chromatin_vs_heme,ATAD2,ALAD,PRAD_Tumor,0.46,2.5e-27,ok,gepia_results_phase5/5A__focused_chromatin_vs_heme__PRAD_Tumor__ATAD2_vs_ALAD.pdf
Supplemental_pancancer_chromatin_heme,5A,focused_chromatin_vs_heme,ATAD2,ALAS1,PRAD_Tumor,0.29,7.8e-11,ok,gepia_results_phase5/5A__focused_chromatin_vs_heme__PRAD_Tumor__ATAD2_vs_ALAS1.pdf
Supplemental_pancancer_chromatin_heme,5A,focused_chromatin_vs_heme,ATAD2,CPOX,PRAD_Tumor,0.56,8.8e-43,ok,gepia_results_phase5/5A__focused_chromatin_vs_heme__PRAD_Tumor__ATAD2_vs_CPOX.pdf
Supplemental_pancancer_chromatin_heme,5A,focused_chromatin_vs_heme,ATAD2,FECH,PRAD_Tumor,0.56,5.999999999999999e-42,ok,gepia_results_phase5/5A__focused_chromatin_vs_heme__PRAD_Tumor__ATAD2_vs_FECH.pdf
Supplemental_pancancer_chromatin_heme,5A,focused_chromatin_vs_heme,ATAD2,HMBS,PRAD_Tumor,0.021,0.64,ok,gepia_results_phase5/5A__focused_chromatin_vs_heme__PRAD_Tumor__ATAD2_vs_HMBS.pdf
Supplemental_pancancer_chromatin_heme,5A,focused_chromatin_vs_heme,ATAD2,PPOX,PRAD_Tumor,-0.23,4.5e-07,ok,gepia_results_phase5/5A__focused_chromatin_vs_heme__PRAD_Tumor__ATAD2_vs_PPOX.pdf
Supplemental_pancancer_chromatin_heme,5A,focused_chromatin_vs_heme,ATAD2,UROD,PRAD_Tumor,-0.13,0.0029,ok,gepia_results_phase5/5A__focused_chromatin_vs_heme__PRAD_Tumor__ATAD2_vs_UROD.pdf
Supplemental_pancancer_chromatin_heme,5A,focused_chromatin_vs_heme,ATAD2,UROS,PRAD_Tumor,-0.014,0.76,ok,gepia_results_phase5/5A__focused_chromatin_vs_heme__PRAD_Tumor__ATAD2_vs_UROS.pdf
Supplemental_pancancer_chromatin_heme,5A,focused_chromatin_vs_heme,BRD2,ALAD,PRAD_Tumor,0.23,1.9e-07,ok,gepia_results_phase5/5A__focused_chromatin_vs_heme__PRAD_Tumor__BRD2_vs_ALAD.pdf
Supplemental_pancancer_chromatin_heme,5A,focused_chromatin_vs_heme,BRD2,ALAS1,PRAD_Tumor,0.32,2.5e-13,ok,gepia_results_phase5/5A__focused_chromatin_vs_heme__PRAD_Tumor__BRD2_vs_ALAS1.pdf
Supplemental_pancancer_chromatin_heme,5A,focused_chromatin_vs_heme,BRD2,CPOX,PRAD_Tumor,0.56,2.3e-41,ok,gepia_results_phase5/5A__focused_chromatin_vs_heme__PRAD_Tumor__BRD2_vs_CPOX.pdf
Supplemental_pancancer_chromatin_heme,5A,focused_chromatin_vs_heme,BRD2,FECH,PRAD_Tumor,0.31,3.2e-12,ok,gepia_results_phase5/5A__focused_chromatin_vs_heme__PRAD_Tumor__BRD2_vs_FECH.pdf
Supplemental_pancancer_chromatin_heme,5A,focused_chromatin_vs_heme,BRD2,HMBS,PRAD_Tumor,-0.073,0.1,ok,gepia_results_phase5/5A__focused_chromatin_vs_heme__PRAD_Tumor__BRD2_vs_HMBS.pdf
Supplemental_pancancer_chromatin_heme,5A,focused_chromatin_vs_heme,BRD2,PPOX,PRAD_Tumor,-0.0014,0.98,ok,gepia_results_phase5/5A__focused_chromatin_vs_heme__PRAD_Tumor__BRD2_vs_PPOX.pdf
Supplemental_pancancer_chromatin_heme,5A,focused_chromatin_vs_heme,BRD2,UROD,PRAD_Tumor,-0.17,0.00013,ok,gepia_results_phase5/5A__focused_chromatin_vs_heme__PRAD_Tumor__BRD2_vs_UROD.pdf
Supplemental_pancancer_chromatin_heme,5A,focused_chromatin_vs_heme,BRD2,UROS,PRAD_Tumor,0.018,0.69,ok,gepia_results_phase5/5A__focused_chromatin_vs_heme__PRAD_Tumor__BRD2_vs_UROS.pdf
Supplemental_pancancer_chromatin_heme,5A,focused_chromatin_vs_heme,BRD4,ALAD,PRAD_Tumor,0.44,4.5e-25,ok,gepia_results_phase5/5A__focused_chromatin_vs_heme__PRAD_Tumor__BRD4_vs_ALAD.pdf
Supplemental_pancancer_chromatin_heme,5A,focused_chromatin_vs_heme,BRD4,ALAS1,PRAD_Tumor,0.43,1.2e-23,ok,gepia_results_phase5/5A__focused_chromatin_vs_heme__PRAD_Tumor__BRD4_vs_ALAS1.pdf
Supplemental_pancancer_chromatin_heme,5A,focused_chromatin_vs_heme,BRD4,CPOX,PRAD_Tumor,0.55,8.4e-40,ok,gepia_results_phase5/5A__focused_chromatin_vs_heme__PRAD_Tumor__BRD4_vs_CPOX.pdf
Supplemental_pancancer_chromatin_heme,5A,focused_chromatin_vs_heme,BRD4,FECH,PRAD_Tumor,0.37,1.8e-17,ok,gepia_results_phase5/5A__focused_chromatin_vs_heme__PRAD_Tumor__BRD4_vs_FECH.pdf
Supplemental_pancancer_chromatin_heme,5A,focused_chromatin_vs_heme,BRD4,HMBS,PRAD_Tumor,-0.13,0.0039,ok,gepia_results_phase5/5A__focused_chromatin_vs_heme__PRAD_Tumor__BRD4_vs_HMBS.pdf
Supplemental_pancancer_chromatin_heme,5A,focused_chromatin_vs_heme,BRD4,PPOX,PRAD_Tumor,-0.12,0.0094,ok,gepia_results_phase5/5A__focused_chromatin_vs_heme__PRAD_Tumor__BRD4_vs_PPOX.pdf
Supplemental_pancancer_chromatin_heme,5A,focused_chromatin_vs_heme,BRD4,UROD,PRAD_Tumor,-0.088,0.051,ok,gepia_results_phase5/5A__focused_chromatin_vs_heme__PRAD_Tumor__BRD4_vs_UROD.pdf
Supplemental_pancancer_chromatin_heme,5A,focused_chromatin_vs_heme,BRD4,UROS,PRAD_Tumor,-0.1,0.024,ok,gepia_results_phase5/5A__focused_chromatin_vs_heme__PRAD_Tumor__BRD4_vs_UROS.pdf
Supplemental_pancancer_chromatin_heme,5A,focused_chromatin_vs_heme,H2AFZ,ALAD,PRAD_Tumor,0.13,0.0043,ok,gepia_results_phase5/5A__focused_chromatin_vs_heme__PRAD_Tumor__H2AFZ_vs_ALAD.pdf
Supplemental_pancancer_chromatin_heme,5A,focused_chromatin_vs_heme,H2AFZ,ALAS1,PRAD_Tumor,0.27,1.4e-09,ok,gepia_results_phase5/5A__focused_chromatin_vs_heme__PRAD_Tumor__H2AFZ_vs_ALAS1.pdf
Supplemental_pancancer_chromatin_heme,5A,focused_chromatin_vs_heme,H2AFZ,CPOX,PRAD_Tumor,0.3,7.4e-12,ok,gepia_results_phase5/5A__focused_chromatin_vs_heme__PRAD_Tumor__H2AFZ_vs_CPOX.pdf
Supplemental_pancancer_chromatin_heme,5A,focused_chromatin_vs_heme,H2AFZ,FECH,PRAD_Tumor,0.17,0.00013,ok,gepia_results_phase5/5A__focused_chromatin_vs_heme__PRAD_Tumor__H2AFZ_vs_FECH.pdf
Supplemental_pancancer_chromatin_heme,5A,focused_chromatin_vs_heme,H2AFZ,HMBS,PRAD_Tumor,0.078,0.083,ok,gepia_results_phase5/5A__focused_chromatin_vs_heme__PRAD_Tumor__H2AFZ_vs_HMBS.pdf
Supplemental_pancancer_chromatin_heme,5A,focused_chromatin_vs_heme,H2AFZ,PPOX,PRAD_Tumor,0.013,0.77,ok,gepia_results_phase5/5A__focused_chromatin_vs_heme__PRAD_Tumor__H2AFZ_vs_PPOX.pdf
Supplemental_pancancer_chromatin_heme,5A,focused_chromatin_vs_heme,H2AFZ,UROD,PRAD_Tumor,0.24,7.7e-08,ok,gepia_results_phase5/5A__focused_chromatin_vs_heme__PRAD_Tumor__H2AFZ_vs_UROD.pdf
Supplemental_pancancer_chromatin_heme,5A,focused_chromatin_vs_heme,H2AFZ,UROS,PRAD_Tumor,0.067,0.14,ok,gepia_results_phase5/5A__focused_chromatin_vs_heme__PRAD_Tumor__H2AFZ_vs_UROS.pdf
Supplemental_pancancer_chromatin_heme,5A,focused_chromatin_vs_heme,ATAD2,ALAD,STAD_Tumor,0.015,0.76,ok,gepia_results_phase5/5A__focused_chromatin_vs_heme__STAD_Tumor__ATAD2_vs_ALAD.pdf
Supplemental_pancancer_chromatin_heme,5A,focused_chromatin_vs_heme,ATAD2,ALAS1,STAD_Tumor,0.3,3.7e-10,ok,gepia_results_phase5/5A__focused_chromatin_vs_heme__STAD_Tumor__ATAD2_vs_ALAS1.pdf
Supplemental_pancancer_chromatin_heme,5A,focused_chromatin_vs_heme,ATAD2,CPOX,STAD_Tumor,0.53,4.899999999999999e-31,ok,gepia_results_phase5/5A__focused_chromatin_vs_heme__STAD_Tumor__ATAD2_vs_CPOX.pdf
Supplemental_pancancer_chromatin_heme,5A,focused_chromatin_vs_heme,ATAD2,FECH,STAD_Tumor,0.099,0.046,ok,gepia_results_phase5/5A__focused_chromatin_vs_heme__STAD_Tumor__ATAD2_vs_FECH.pdf
Supplemental_pancancer_chromatin_heme,5A,focused_chromatin_vs_heme,ATAD2,HMBS,STAD_Tumor,0.51,1.1000000000000002e-28,ok,gepia_results_phase5/5A__focused_chromatin_vs_heme__STAD_Tumor__ATAD2_vs_HMBS.pdf
Supplemental_pancancer_chromatin_heme,5A,focused_chromatin_vs_heme,ATAD2,PPOX,STAD_Tumor,0.2,5.6e-05,ok,gepia_results_phase5/5A__focused_chromatin_vs_heme__STAD_Tumor__ATAD2_vs_PPOX.pdf
Supplemental_pancancer_chromatin_heme,5A,focused_chromatin_vs_heme,ATAD2,UROD,STAD_Tumor,-0.033,0.5,ok,gepia_results_phase5/5A__focused_chromatin_vs_heme__STAD_Tumor__ATAD2_vs_UROD.pdf
Supplemental_pancancer_chromatin_heme,5A,focused_chromatin_vs_heme,ATAD2,UROS,STAD_Tumor,0.08,0.11,ok,gepia_results_phase5/5A__focused_chromatin_vs_heme__STAD_Tumor__ATAD2_vs_UROS.pdf
Supplemental_pancancer_chromatin_heme,5A,focused_chromatin_vs_heme,BRD2,ALAD,STAD_Tumor,0.23,2.7e-06,ok,gepia_results_phase5/5A__focused_chromatin_vs_heme__STAD_Tumor__BRD2_vs_ALAD.pdf
Supplemental_pancancer_chromatin_heme,5A,focused_chromatin_vs_heme,BRD2,ALAS1,STAD_Tumor,0.37,1.7e-14,ok,gepia_results_phase5/5A__focused_chromatin_vs_heme__STAD_Tumor__BRD2_vs_ALAS1.pdf
Supplemental_pancancer_chromatin_heme,5A,focused_chromatin_vs_heme,BRD2,CPOX,STAD_Tumor,0.54,4.1000000000000003e-32,ok,gepia_results_phase5/5A__focused_chromatin_vs_heme__STAD_Tumor__BRD2_vs_CPOX.pdf
Supplemental_pancancer_chromatin_heme,5A,focused_chromatin_vs_heme,BRD2,FECH,STAD_Tumor,0.39,5.3e-16,ok,gepia_results_phase5/5A__focused_chromatin_vs_heme__STAD_Tumor__BRD2_vs_FECH.pdf
Supplemental_pancancer_chromatin_heme,5A,focused_chromatin_vs_heme,BRD2,HMBS,STAD_Tumor,0.35,6.4e-13,ok,gepia_results_phase5/5A__focused_chromatin_vs_heme__STAD_Tumor__BRD2_vs_HMBS.pdf
Supplemental_pancancer_chromatin_heme,5A,focused_chromatin_vs_heme,BRD2,PPOX,STAD_Tumor,0.19,0.00014,ok,gepia_results_phase5/5A__focused_chromatin_vs_heme__STAD_Tumor__BRD2_vs_PPOX.pdf
Supplemental_pancancer_chromatin_heme,5A,focused_chromatin_vs_heme,BRD2,UROD,STAD_Tumor,0.23,2.5e-06,ok,gepia_results_phase5/5A__focused_chromatin_vs_heme__STAD_Tumor__BRD2_vs_UROD.pdf
Supplemental_pancancer_chromatin_heme,5A,focused_chromatin_vs_heme,BRD2,UROS,STAD_Tumor,0.098,0.048,ok,gepia_results_phase5/5A__focused_chromatin_vs_heme__STAD_Tumor__BRD2_vs_UROS.pdf
Supplemental_pancancer_chromatin_heme,5A,focused_chromatin_vs_heme,BRD4,ALAD,STAD_Tumor,0.39,4.1e-16,ok,gepia_results_phase5/5A__focused_chromatin_vs_heme__STAD_Tumor__BRD4_vs_ALAD.pdf
Supplemental_pancancer_chromatin_heme,5A,focused_chromatin_vs_heme,BRD4,ALAS1,STAD_Tumor,0.07,0.16,ok,gepia_results_phase5/5A__focused_chromatin_vs_heme__STAD_Tumor__BRD4_vs_ALAS1.pdf
Supplemental_pancancer_chromatin_heme,5A,focused_chromatin_vs_heme,BRD4,CPOX,STAD_Tumor,0.35,3e-13,ok,gepia_results_phase5/5A__focused_chromatin_vs_heme__STAD_Tumor__BRD4_vs_CPOX.pdf
Supplemental_pancancer_chromatin_heme,5A,focused_chromatin_vs_heme,BRD4,FECH,STAD_Tumor,0.21,2.4e-05,ok,gepia_results_phase5/5A__focused_chromatin_vs_heme__STAD_Tumor__BRD4_vs_FECH.pdf
Supplemental_pancancer_chromatin_heme,5A,focused_chromatin_vs_heme,BRD4,HMBS,STAD_Tumor,0.11,0.023,ok,gepia_results_phase5/5A__focused_chromatin_vs_heme__STAD_Tumor__BRD4_vs_HMBS.pdf
Supplemental_pancancer_chromatin_heme,5A,focused_chromatin_vs_heme,BRD4,PPOX,STAD_Tumor,0.36,4.5e-14,ok,gepia_results_phase5/5A__focused_chromatin_vs_heme__STAD_Tumor__BRD4_vs_PPOX.pdf
Supplemental_pancancer_chromatin_heme,5A,focused_chromatin_vs_heme,BRD4,UROD,STAD_Tumor,0.29,4.3e-09,ok,gepia_results_phase5/5A__focused_chromatin_vs_heme__STAD_Tumor__BRD4_vs_UROD.pdf
Supplemental_pancancer_chromatin_heme,5A,focused_chromatin_vs_heme,BRD4,UROS,STAD_Tumor,0.2,3.5e-05,ok,gepia_results_phase5/5A__focused_chromatin_vs_heme__STAD_Tumor__BRD4_vs_UROS.pdf
Supplemental_pancancer_chromatin_heme,5A,focused_chromatin_vs_heme,H2AFZ,ALAD,STAD_Tumor,-0.22,8.2e-06,ok,gepia_results_phase5/5A__focused_chromatin_vs_heme__STAD_Tumor__H2AFZ_vs_ALAD.pdf
Supplemental_pancancer_chromatin_heme,5A,focused_chromatin_vs_heme,H2AFZ,ALAS1,STAD_Tumor,0.45,2.9e-21,ok,gepia_results_phase5/5A__focused_chromatin_vs_heme__STAD_Tumor__H2AFZ_vs_ALAS1.pdf
Supplemental_pancancer_chromatin_heme,5A,focused_chromatin_vs_heme,H2AFZ,CPOX,STAD_Tumor,0.51,7.000000000000001e-29,ok,gepia_results_phase5/5A__focused_chromatin_vs_heme__STAD_Tumor__H2AFZ_vs_CPOX.pdf
Supplemental_pancancer_chromatin_heme,5A,focused_chromatin_vs_heme,H2AFZ,FECH,STAD_Tumor,0.17,0.00059,ok,gepia_results_phase5/5A__focused_chromatin_vs_heme__STAD_Tumor__H2AFZ_vs_FECH.pdf
Supplemental_pancancer_chromatin_heme,5A,focused_chromatin_vs_heme,H2AFZ,HMBS,STAD_Tumor,0.56,4.4999999999999996e-35,ok,gepia_results_phase5/5A__focused_chromatin_vs_heme__STAD_Tumor__H2AFZ_vs_HMBS.pdf
Supplemental_pancancer_chromatin_heme,5A,focused_chromatin_vs_heme,H2AFZ,PPOX,STAD_Tumor,-0.012,0.81,ok,gepia_results_phase5/5A__focused_chromatin_vs_heme__STAD_Tumor__H2AFZ_vs_PPOX.pdf
Supplemental_pancancer_chromatin_heme,5A,focused_chromatin_vs_heme,H2AFZ,UROD,STAD_Tumor,0.046,0.35,ok,gepia_results_phase5/5A__focused_chromatin_vs_heme__STAD_Tumor__H2AFZ_vs_UROD.pdf
Supplemental_pancancer_chromatin_heme,5A,focused_chromatin_vs_heme,H2AFZ,UROS,STAD_Tumor,0.047,0.34,ok,gepia_results_phase5/5A__focused_chromatin_vs_heme__STAD_Tumor__H2AFZ_vs_UROS.pdf
Supplemental_pancancer_chromatin_heme,5A,focused_chromatin_vs_heme,ATAD2,ALAD,THCA_Tumor,0.42,4.4e-23,ok,gepia_results_phase5/5A__focused_chromatin_vs_heme__THCA_Tumor__ATAD2_vs_ALAD.pdf
Supplemental_pancancer_chromatin_heme,5A,focused_chromatin_vs_heme,ATAD2,ALAS1,THCA_Tumor,0.03,0.49,ok,gepia_results_phase5/5A__focused_chromatin_vs_heme__THCA_Tumor__ATAD2_vs_ALAS1.pdf
Supplemental_pancancer_chromatin_heme,5A,focused_chromatin_vs_heme,ATAD2,CPOX,THCA_Tumor,0.45,2.2e-26,ok,gepia_results_phase5/5A__focused_chromatin_vs_heme__THCA_Tumor__ATAD2_vs_CPOX.pdf
Supplemental_pancancer_chromatin_heme,5A,focused_chromatin_vs_heme,ATAD2,FECH,THCA_Tumor,0.44,1.3e-25,ok,gepia_results_phase5/5A__focused_chromatin_vs_heme__THCA_Tumor__ATAD2_vs_FECH.pdf
Supplemental_pancancer_chromatin_heme,5A,focused_chromatin_vs_heme,ATAD2,HMBS,THCA_Tumor,-0.099,0.025,ok,gepia_results_phase5/5A__focused_chromatin_vs_heme__THCA_Tumor__ATAD2_vs_HMBS.pdf
Supplemental_pancancer_chromatin_heme,5A,focused_chromatin_vs_heme,ATAD2,PPOX,THCA_Tumor,-0.096,0.03,ok,gepia_results_phase5/5A__focused_chromatin_vs_heme__THCA_Tumor__ATAD2_vs_PPOX.pdf
Supplemental_pancancer_chromatin_heme,5A,focused_chromatin_vs_heme,ATAD2,UROD,THCA_Tumor,-0.03,0.5,ok,gepia_results_phase5/5A__focused_chromatin_vs_heme__THCA_Tumor__ATAD2_vs_UROD.pdf
Supplemental_pancancer_chromatin_heme,5A,focused_chromatin_vs_heme,ATAD2,UROS,THCA_Tumor,-0.065,0.14,ok,gepia_results_phase5/5A__focused_chromatin_vs_heme__THCA_Tumor__ATAD2_vs_UROS.pdf
Supplemental_pancancer_chromatin_heme,5A,focused_chromatin_vs_heme,BRD2,ALAD,THCA_Tumor,0.66,4.3e-66,ok,gepia_results_phase5/5A__focused_chromatin_vs_heme__THCA_Tumor__BRD2_vs_ALAD.pdf
Supplemental_pancancer_chromatin_heme,5A,focused_chromatin_vs_heme,BRD2,ALAS1,THCA_Tumor,0.4,6.3e-21,ok,gepia_results_phase5/5A__focused_chromatin_vs_heme__THCA_Tumor__BRD2_vs_ALAS1.pdf
Supplemental_pancancer_chromatin_heme,5A,focused_chromatin_vs_heme,BRD2,CPOX,THCA_Tumor,0.63,1.7e-57,ok,gepia_results_phase5/5A__focused_chromatin_vs_heme__THCA_Tumor__BRD2_vs_CPOX.pdf
Supplemental_pancancer_chromatin_heme,5A,focused_chromatin_vs_heme,BRD2,FECH,THCA_Tumor,0.63,4.6000000000000005e-58,ok,gepia_results_phase5/5A__focused_chromatin_vs_heme__THCA_Tumor__BRD2_vs_FECH.pdf
Supplemental_pancancer_chromatin_heme,5A,focused_chromatin_vs_heme,BRD2,HMBS,THCA_Tumor,0.37,5.3e-18,ok,gepia_results_phase5/5A__focused_chromatin_vs_heme__THCA_Tumor__BRD2_vs_HMBS.pdf
Supplemental_pancancer_chromatin_heme,5A,focused_chromatin_vs_heme,BRD2,PPOX,THCA_Tumor,0.31,4.9e-13,ok,gepia_results_phase5/5A__focused_chromatin_vs_heme__THCA_Tumor__BRD2_vs_PPOX.pdf
Supplemental_pancancer_chromatin_heme,5A,focused_chromatin_vs_heme,BRD2,UROD,THCA_Tumor,0.48,1.4000000000000001e-30,ok,gepia_results_phase5/5A__focused_chromatin_vs_heme__THCA_Tumor__BRD2_vs_UROD.pdf
Supplemental_pancancer_chromatin_heme,5A,focused_chromatin_vs_heme,BRD2,UROS,THCA_Tumor,0.39,4.9e-20,ok,gepia_results_phase5/5A__focused_chromatin_vs_heme__THCA_Tumor__BRD2_vs_UROS.pdf
Supplemental_pancancer_chromatin_heme,5A,focused_chromatin_vs_heme,BRD4,ALAD,THCA_Tumor,0.57,1.5e-44,ok,gepia_results_phase5/5A__focused_chromatin_vs_heme__THCA_Tumor__BRD4_vs_ALAD.pdf
Supplemental_pancancer_chromatin_heme,5A,focused_chromatin_vs_heme,BRD4,ALAS1,THCA_Tumor,0.082,0.065,ok,gepia_results_phase5/5A__focused_chromatin_vs_heme__THCA_Tumor__BRD4_vs_ALAS1.pdf
Supplemental_pancancer_chromatin_heme,5A,focused_chromatin_vs_heme,BRD4,CPOX,THCA_Tumor,0.54,1.6e-39,ok,gepia_results_phase5/5A__focused_chromatin_vs_heme__THCA_Tumor__BRD4_vs_CPOX.pdf
Supplemental_pancancer_chromatin_heme,5A,focused_chromatin_vs_heme,BRD4,FECH,THCA_Tumor,0.62,2.4999999999999997e-55,ok,gepia_results_phase5/5A__focused_chromatin_vs_heme__THCA_Tumor__BRD4_vs_FECH.pdf
Supplemental_pancancer_chromatin_heme,5A,focused_chromatin_vs_heme,BRD4,HMBS,THCA_Tumor,0.02,0.65,ok,gepia_results_phase5/5A__focused_chromatin_vs_heme__THCA_Tumor__BRD4_vs_HMBS.pdf
Supplemental_pancancer_chromatin_heme,5A,focused_chromatin_vs_heme,BRD4,PPOX,THCA_Tumor,0.02,0.65,ok,gepia_results_phase5/5A__focused_chromatin_vs_heme__THCA_Tumor__BRD4_vs_PPOX.pdf
Supplemental_pancancer_chromatin_heme,5A,focused_chromatin_vs_heme,BRD4,UROD,THCA_Tumor,0.11,0.014,ok,gepia_results_phase5/5A__focused_chromatin_vs_heme__THCA_Tumor__BRD4_vs_UROD.pdf
Supplemental_pancancer_chromatin_heme,5A,focused_chromatin_vs_heme,BRD4,UROS,THCA_Tumor,0.1,0.022,ok,gepia_results_phase5/5A__focused_chromatin_vs_heme__THCA_Tumor__BRD4_vs_UROS.pdf
Supplemental_pancancer_chromatin_heme,5A,focused_chromatin_vs_heme,H2AFZ,ALAD,THCA_Tumor,0.11,0.013,ok,gepia_results_phase5/5A__focused_chromatin_vs_heme__THCA_Tumor__H2AFZ_vs_ALAD.pdf
Supplemental_pancancer_chromatin_heme,5A,focused_chromatin_vs_heme,H2AFZ,ALAS1,THCA_Tumor,0.15,0.00058,ok,gepia_results_phase5/5A__focused_chromatin_vs_heme__THCA_Tumor__H2AFZ_vs_ALAS1.pdf
Supplemental_pancancer_chromatin_heme,5A,focused_chromatin_vs_heme,H2AFZ,CPOX,THCA_Tumor,0.28,2.4e-10,ok,gepia_results_phase5/5A__focused_chromatin_vs_heme__THCA_Tumor__H2AFZ_vs_CPOX.pdf
Supplemental_pancancer_chromatin_heme,5A,focused_chromatin_vs_heme,H2AFZ,FECH,THCA_Tumor,0.25,1.2e-08,ok,gepia_results_phase5/5A__focused_chromatin_vs_heme__THCA_Tumor__H2AFZ_vs_FECH.pdf
Supplemental_pancancer_chromatin_heme,5A,focused_chromatin_vs_heme,H2AFZ,HMBS,THCA_Tumor,0.057,0.2,ok,gepia_results_phase5/5A__focused_chromatin_vs_heme__THCA_Tumor__H2AFZ_vs_HMBS.pdf
Supplemental_pancancer_chromatin_heme,5A,focused_chromatin_vs_heme,H2AFZ,PPOX,THCA_Tumor,-0.12,0.0056,ok,gepia_results_phase5/5A__focused_chromatin_vs_heme__THCA_Tumor__H2AFZ_vs_PPOX.pdf
Supplemental_pancancer_chromatin_heme,5A,focused_chromatin_vs_heme,H2AFZ,UROD,THCA_Tumor,0.072,0.1,ok,gepia_results_phase5/5A__focused_chromatin_vs_heme__THCA_Tumor__H2AFZ_vs_UROD.pdf
Supplemental_pancancer_chromatin_heme,5A,focused_chromatin_vs_heme,H2AFZ,UROS,THCA_Tumor,0.11,0.014,ok,gepia_results_phase5/5A__focused_chromatin_vs_heme__THCA_Tumor__H2AFZ_vs_UROS.pdf
Supplemental_pancancer_chromatin_heme,5A,focused_chromatin_vs_heme,H2AFZ,ALAD,UCEC_Tumor,0.17,0.022,ok,gepia_results_phase5/5A__focused_chromatin_vs_heme__UCEC_Tumor__H2AFZ_vs_ALAD.pdf
Supplemental_pancancer_chromatin_heme,5A,focused_chromatin_vs_heme,H2AFZ,ALAS1,UCEC_Tumor,0.33,1.1e-05,ok,gepia_results_phase5/5A__focused_chromatin_vs_heme__UCEC_Tumor__H2AFZ_vs_ALAS1.pdf
Supplemental_pancancer_chromatin_heme,5A,focused_chromatin_vs_heme,H2AFZ,CPOX,UCEC_Tumor,0.37,7.3e-07,ok,gepia_results_phase5/5A__focused_chromatin_vs_heme__UCEC_Tumor__H2AFZ_vs_CPOX.pdf
Supplemental_pancancer_chromatin_heme,5A,focused_chromatin_vs_heme,H2AFZ,FECH,UCEC_Tumor,0.34,3.8e-06,ok,gepia_results_phase5/5A__focused_chromatin_vs_heme__UCEC_Tumor__H2AFZ_vs_FECH.pdf
Supplemental_pancancer_chromatin_heme,5A,focused_chromatin_vs_heme,H2AFZ,HMBS,UCEC_Tumor,0.44,9.2e-10,ok,gepia_results_phase5/5A__focused_chromatin_vs_heme__UCEC_Tumor__H2AFZ_vs_HMBS.pdf
Supplemental_pancancer_chromatin_heme,5A,focused_chromatin_vs_heme,H2AFZ,PPOX,UCEC_Tumor,-0.31,4e-05,ok,gepia_results_phase5/5A__focused_chromatin_vs_heme__UCEC_Tumor__H2AFZ_vs_PPOX.pdf
Supplemental_pancancer_chromatin_heme,5A,focused_chromatin_vs_heme,H2AFZ,UROD,UCEC_Tumor,0.17,0.024,ok,gepia_results_phase5/5A__focused_chromatin_vs_heme__UCEC_Tumor__H2AFZ_vs_UROD.pdf
Supplemental_pancancer_chromatin_heme,5A,focused_chromatin_vs_heme,H2AFZ,UROS,UCEC_Tumor,0.15,0.045,ok,gepia_results_phase5/5A__focused_chromatin_vs_heme__UCEC_Tumor__H2AFZ_vs_UROS.pdf
Supplemental_pancancer_chromatin_heme,5B,focused_within_heme,ALAD,HMBS,BRCA_Tumor,-0.15,6.1e-07,ok,gepia_results_phase5/5B__focused_within_heme__BRCA_Tumor__ALAD_vs_HMBS.pdf
Supplemental_pancancer_chromatin_heme,5B,focused_within_heme,ALAS1,ALAD,BRCA_Tumor,0.16,6e-08,ok,gepia_results_phase5/5B__focused_within_heme__BRCA_Tumor__ALAS1_vs_ALAD.pdf
Supplemental_pancancer_chromatin_heme,5B,focused_within_heme,CPOX,PPOX,BRCA_Tumor,0.058,0.058,ok,gepia_results_phase5/5B__focused_within_heme__BRCA_Tumor__CPOX_vs_PPOX.pdf
Supplemental_pancancer_chromatin_heme,5B,focused_within_heme,HMBS,UROS,BRCA_Tumor,0.11,0.00049,ok,gepia_results_phase5/5B__focused_within_heme__BRCA_Tumor__HMBS_vs_UROS.pdf
Supplemental_pancancer_chromatin_heme,5B,focused_within_heme,PPOX,FECH,BRCA_Tumor,-0.055,0.07,ok,gepia_results_phase5/5B__focused_within_heme__BRCA_Tumor__PPOX_vs_FECH.pdf
Supplemental_pancancer_chromatin_heme,5B,focused_within_heme,UROD,CPOX,BRCA_Tumor,0.065,0.031,ok,gepia_results_phase5/5B__focused_within_heme__BRCA_Tumor__UROD_vs_CPOX.pdf
Supplemental_pancancer_chromatin_heme,5B,focused_within_heme,UROS,UROD,BRCA_Tumor,0.19,6.7e-10,ok,gepia_results_phase5/5B__focused_within_heme__BRCA_Tumor__UROS_vs_UROD.pdf
Supplemental_pancancer_chromatin_heme,5B,focused_within_heme,ALAD,HMBS,COAD_Tumor,-0.24,4.2e-05,ok,gepia_results_phase5/5B__focused_within_heme__COAD_Tumor__ALAD_vs_HMBS.pdf
Supplemental_pancancer_chromatin_heme,5B,focused_within_heme,ALAS1,ALAD,COAD_Tumor,0.0049,0.94,ok,gepia_results_phase5/5B__focused_within_heme__COAD_Tumor__ALAS1_vs_ALAD.pdf
Supplemental_pancancer_chromatin_heme,5B,focused_within_heme,CPOX,PPOX,COAD_Tumor,-0.027,0.65,ok,gepia_results_phase5/5B__focused_within_heme__COAD_Tumor__CPOX_vs_PPOX.pdf
Supplemental_pancancer_chromatin_heme,5B,focused_within_heme,HMBS,UROS,COAD_Tumor,0.31,1.4e-07,ok,gepia_results_phase5/5B__focused_within_heme__COAD_Tumor__HMBS_vs_UROS.pdf
Supplemental_pancancer_chromatin_heme,5B,focused_within_heme,PPOX,FECH,COAD_Tumor,-0.21,0.00042,ok,gepia_results_phase5/5B__focused_within_heme__COAD_Tumor__PPOX_vs_FECH.pdf
Supplemental_pancancer_chromatin_heme,5B,focused_within_heme,UROD,CPOX,COAD_Tumor,0.034,0.57,ok,gepia_results_phase5/5B__focused_within_heme__COAD_Tumor__UROD_vs_CPOX.pdf
Supplemental_pancancer_chromatin_heme,5B,focused_within_heme,UROS,UROD,COAD_Tumor,0.044,0.47,ok,gepia_results_phase5/5B__focused_within_heme__COAD_Tumor__UROS_vs_UROD.pdf
Supplemental_pancancer_chromatin_heme,5B,focused_within_heme,ALAD,HMBS,HNSC_Tumor,-0.063,0.15,ok,gepia_results_phase5/5B__focused_within_heme__HNSC_Tumor__ALAD_vs_HMBS.pdf
Supplemental_pancancer_chromatin_heme,5B,focused_within_heme,ALAS1,ALAD,HNSC_Tumor,0.15,0.00066,ok,gepia_results_phase5/5B__focused_within_heme__HNSC_Tumor__ALAS1_vs_ALAD.pdf
Supplemental_pancancer_chromatin_heme,5B,focused_within_heme,CPOX,PPOX,HNSC_Tumor,0.21,1.5e-06,ok,gepia_results_phase5/5B__focused_within_heme__HNSC_Tumor__CPOX_vs_PPOX.pdf
Supplemental_pancancer_chromatin_heme,5B,focused_within_heme,HMBS,UROS,HNSC_Tumor,0.22,4.5e-07,ok,gepia_results_phase5/5B__focused_within_heme__HNSC_Tumor__HMBS_vs_UROS.pdf
Supplemental_pancancer_chromatin_heme,5B,focused_within_heme,PPOX,FECH,HNSC_Tumor,0.069,0.12,ok,gepia_results_phase5/5B__focused_within_heme__HNSC_Tumor__PPOX_vs_FECH.pdf
Supplemental_pancancer_chromatin_heme,5B,focused_within_heme,UROD,CPOX,HNSC_Tumor,0.1,0.021,ok,gepia_results_phase5/5B__focused_within_heme__HNSC_Tumor__UROD_vs_CPOX.pdf
Supplemental_pancancer_chromatin_heme,5B,focused_within_heme,UROS,UROD,HNSC_Tumor,0.37,4.5e-18,ok,gepia_results_phase5/5B__focused_within_heme__HNSC_Tumor__UROS_vs_UROD.pdf
Supplemental_pancancer_chromatin_heme,5B,focused_within_heme,ALAD,HMBS,KICH_Tumor,0.28,0.025,ok,gepia_results_phase5/5B__focused_within_heme__KICH_Tumor__ALAD_vs_HMBS.pdf
Supplemental_pancancer_chromatin_heme,5B,focused_within_heme,ALAS1,ALAD,KICH_Tumor,0.51,1.3e-05,ok,gepia_results_phase5/5B__focused_within_heme__KICH_Tumor__ALAS1_vs_ALAD.pdf
Supplemental_pancancer_chromatin_heme,5B,focused_within_heme,CPOX,PPOX,KICH_Tumor,0.021,0.87,ok,gepia_results_phase5/5B__focused_within_heme__KICH_Tumor__CPOX_vs_PPOX.pdf
Supplemental_pancancer_chromatin_heme,5B,focused_within_heme,HMBS,UROS,KICH_Tumor,0.44,0.00021,ok,gepia_results_phase5/5B__focused_within_heme__KICH_Tumor__HMBS_vs_UROS.pdf
Supplemental_pancancer_chromatin_heme,5B,focused_within_heme,PPOX,FECH,KICH_Tumor,0.12,0.35,ok,gepia_results_phase5/5B__focused_within_heme__KICH_Tumor__PPOX_vs_FECH.pdf
Supplemental_pancancer_chromatin_heme,5B,focused_within_heme,UROD,CPOX,KICH_Tumor,0.55,1.9e-06,ok,gepia_results_phase5/5B__focused_within_heme__KICH_Tumor__UROD_vs_CPOX.pdf
Supplemental_pancancer_chromatin_heme,5B,focused_within_heme,UROS,UROD,KICH_Tumor,0.37,0.0025,ok,gepia_results_phase5/5B__focused_within_heme__KICH_Tumor__UROS_vs_UROD.pdf
Supplemental_pancancer_chromatin_heme,5B,focused_within_heme,ALAD,HMBS,KIRC_Tumor,0.011,0.8,ok,gepia_results_phase5/5B__focused_within_heme__KIRC_Tumor__ALAD_vs_HMBS.pdf
Supplemental_pancancer_chromatin_heme,5B,focused_within_heme,ALAS1,ALAD,KIRC_Tumor,0.43,1.2999999999999998e-24,ok,gepia_results_phase5/5B__focused_within_heme__KIRC_Tumor__ALAS1_vs_ALAD.pdf
Supplemental_pancancer_chromatin_heme,5B,focused_within_heme,CPOX,PPOX,KIRC_Tumor,0.13,0.0022,ok,gepia_results_phase5/5B__focused_within_heme__KIRC_Tumor__CPOX_vs_PPOX.pdf
Supplemental_pancancer_chromatin_heme,5B,focused_within_heme,HMBS,UROS,KIRC_Tumor,0.44,1.6e-26,ok,gepia_results_phase5/5B__focused_within_heme__KIRC_Tumor__HMBS_vs_UROS.pdf
Supplemental_pancancer_chromatin_heme,5B,focused_within_heme,PPOX,FECH,KIRC_Tumor,-0.12,0.0057,ok,gepia_results_phase5/5B__focused_within_heme__KIRC_Tumor__PPOX_vs_FECH.pdf
Supplemental_pancancer_chromatin_heme,5B,focused_within_heme,UROD,CPOX,KIRC_Tumor,0.08,0.067,ok,gepia_results_phase5/5B__focused_within_heme__KIRC_Tumor__UROD_vs_CPOX.pdf
Supplemental_pancancer_chromatin_heme,5B,focused_within_heme,UROS,UROD,KIRC_Tumor,0.3,1.5e-12,ok,gepia_results_phase5/5B__focused_within_heme__KIRC_Tumor__UROS_vs_UROD.pdf
Supplemental_pancancer_chromatin_heme,5B,focused_within_heme,ALAD,HMBS,KIRP_Tumor,0.0043,0.94,ok,gepia_results_phase5/5B__focused_within_heme__KIRP_Tumor__ALAD_vs_HMBS.pdf
Supplemental_pancancer_chromatin_heme,5B,focused_within_heme,ALAS1,ALAD,KIRP_Tumor,0.37,1.4e-10,ok,gepia_results_phase5/5B__focused_within_heme__KIRP_Tumor__ALAS1_vs_ALAD.pdf
Supplemental_pancancer_chromatin_heme,5B,focused_within_heme,CPOX,PPOX,KIRP_Tumor,0.13,0.03,ok,gepia_results_phase5/5B__focused_within_heme__KIRP_Tumor__CPOX_vs_PPOX.pdf
Supplemental_pancancer_chromatin_heme,5B,focused_within_heme,HMBS,UROS,KIRP_Tumor,0.3,2.1e-07,ok,gepia_results_phase5/5B__focused_within_heme__KIRP_Tumor__HMBS_vs_UROS.pdf
Supplemental_pancancer_chromatin_heme,5B,focused_within_heme,PPOX,FECH,KIRP_Tumor,-0.35,1.9e-09,ok,gepia_results_phase5/5B__focused_within_heme__KIRP_Tumor__PPOX_vs_FECH.pdf
Supplemental_pancancer_chromatin_heme,5B,focused_within_heme,UROD,CPOX,KIRP_Tumor,0.11,0.059,ok,gepia_results_phase5/5B__focused_within_heme__KIRP_Tumor__UROD_vs_CPOX.pdf
Supplemental_pancancer_chromatin_heme,5B,focused_within_heme,UROS,UROD,KIRP_Tumor,0.28,9.8e-07,ok,gepia_results_phase5/5B__focused_within_heme__KIRP_Tumor__UROS_vs_UROD.pdf
Supplemental_pancancer_chromatin_heme,5B,focused_within_heme,ALAD,HMBS,LIHC_Tumor,-0.047,0.37,ok,gepia_results_phase5/5B__focused_within_heme__LIHC_Tumor__ALAD_vs_HMBS.pdf
Supplemental_pancancer_chromatin_heme,5B,focused_within_heme,ALAS1,ALAD,LIHC_Tumor,0.41,8.9e-17,ok,gepia_results_phase5/5B__focused_within_heme__LIHC_Tumor__ALAS1_vs_ALAD.pdf
Supplemental_pancancer_chromatin_heme,5B,focused_within_heme,CPOX,PPOX,LIHC_Tumor,0.0052,0.92,ok,gepia_results_phase5/5B__focused_within_heme__LIHC_Tumor__CPOX_vs_PPOX.pdf
Supplemental_pancancer_chromatin_heme,5B,focused_within_heme,HMBS,UROS,LIHC_Tumor,0.24,3.8e-06,ok,gepia_results_phase5/5B__focused_within_heme__LIHC_Tumor__HMBS_vs_UROS.pdf
Supplemental_pancancer_chromatin_heme,5B,focused_within_heme,PPOX,FECH,LIHC_Tumor,-0.14,0.0088,ok,gepia_results_phase5/5B__focused_within_heme__LIHC_Tumor__PPOX_vs_FECH.pdf
Supplemental_pancancer_chromatin_heme,5B,focused_within_heme,UROD,CPOX,LIHC_Tumor,0.14,0.0059,ok,gepia_results_phase5/5B__focused_within_heme__LIHC_Tumor__UROD_vs_CPOX.pdf
Supplemental_pancancer_chromatin_heme,5B,focused_within_heme,UROS,UROD,LIHC_Tumor,-0.0005,0.99,ok,gepia_results_phase5/5B__focused_within_heme__LIHC_Tumor__UROS_vs_UROD.pdf
Supplemental_pancancer_chromatin_heme,5B,focused_within_heme,ALAD,HMBS,LUAD_Tumor,-0.14,0.0024,ok,gepia_results_phase5/5B__focused_within_heme__LUAD_Tumor__ALAD_vs_HMBS.pdf
Supplemental_pancancer_chromatin_heme,5B,focused_within_heme,ALAS1,ALAD,LUAD_Tumor,0.26,7.2e-09,ok,gepia_results_phase5/5B__focused_within_heme__LUAD_Tumor__ALAS1_vs_ALAD.pdf
Supplemental_pancancer_chromatin_heme,5B,focused_within_heme,CPOX,PPOX,LUAD_Tumor,0.12,0.0096,ok,gepia_results_phase5/5B__focused_within_heme__LUAD_Tumor__CPOX_vs_PPOX.pdf
Supplemental_pancancer_chromatin_heme,5B,focused_within_heme,HMBS,UROS,LUAD_Tumor,0.25,4.2e-08,ok,gepia_results_phase5/5B__focused_within_heme__LUAD_Tumor__HMBS_vs_UROS.pdf
Supplemental_pancancer_chromatin_heme,5B,focused_within_heme,PPOX,FECH,LUAD_Tumor,-0.059,0.2,ok,gepia_results_phase5/5B__focused_within_heme__LUAD_Tumor__PPOX_vs_FECH.pdf
Supplemental_pancancer_chromatin_heme,5B,focused_within_heme,UROD,CPOX,LUAD_Tumor,0.056,0.22,ok,gepia_results_phase5/5B__focused_within_heme__LUAD_Tumor__UROD_vs_CPOX.pdf
Supplemental_pancancer_chromatin_heme,5B,focused_within_heme,UROS,UROD,LUAD_Tumor,0.16,0.00051,ok,gepia_results_phase5/5B__focused_within_heme__LUAD_Tumor__UROS_vs_UROD.pdf
Supplemental_pancancer_chromatin_heme,5B,focused_within_heme,ALAD,HMBS,LUSC_Tumor,-0.012,0.8,ok,gepia_results_phase5/5B__focused_within_heme__LUSC_Tumor__ALAD_vs_HMBS.pdf
Supplemental_pancancer_chromatin_heme,5B,focused_within_heme,ALAS1,ALAD,LUSC_Tumor,0.27,1.2e-09,ok,gepia_results_phase5/5B__focused_within_heme__LUSC_Tumor__ALAS1_vs_ALAD.pdf
Supplemental_pancancer_chromatin_heme,5B,focused_within_heme,CPOX,PPOX,LUSC_Tumor,0.19,3.2e-05,ok,gepia_results_phase5/5B__focused_within_heme__LUSC_Tumor__CPOX_vs_PPOX.pdf
Supplemental_pancancer_chromatin_heme,5B,focused_within_heme,HMBS,UROS,LUSC_Tumor,0.24,6.8e-08,ok,gepia_results_phase5/5B__focused_within_heme__LUSC_Tumor__HMBS_vs_UROS.pdf
Supplemental_pancancer_chromatin_heme,5B,focused_within_heme,PPOX,FECH,LUSC_Tumor,0.086,0.058,ok,gepia_results_phase5/5B__focused_within_heme__LUSC_Tumor__PPOX_vs_FECH.pdf
Supplemental_pancancer_chromatin_heme,5B,focused_within_heme,UROD,CPOX,LUSC_Tumor,0.08,0.079,ok,gepia_results_phase5/5B__focused_within_heme__LUSC_Tumor__UROD_vs_CPOX.pdf
Supplemental_pancancer_chromatin_heme,5B,focused_within_heme,UROS,UROD,LUSC_Tumor,0.039,0.39,ok,gepia_results_phase5/5B__focused_within_heme__LUSC_Tumor__UROS_vs_UROD.pdf
Supplemental_pancancer_chromatin_heme,5B,focused_within_heme,ALAD,HMBS,PRAD_Tumor,-0.16,0.00024,ok,gepia_results_phase5/5B__focused_within_heme__PRAD_Tumor__ALAD_vs_HMBS.pdf
Supplemental_pancancer_chromatin_heme,5B,focused_within_heme,ALAS1,ALAD,PRAD_Tumor,0.32,1.6e-13,ok,gepia_results_phase5/5B__focused_within_heme__PRAD_Tumor__ALAS1_vs_ALAD.pdf
Supplemental_pancancer_chromatin_heme,5B,focused_within_heme,CPOX,PPOX,PRAD_Tumor,0.0031,0.94,ok,gepia_results_phase5/5B__focused_within_heme__PRAD_Tumor__CPOX_vs_PPOX.pdf
Supplemental_pancancer_chromatin_heme,5B,focused_within_heme,HMBS,UROS,PRAD_Tumor,0.31,4.2e-12,ok,gepia_results_phase5/5B__focused_within_heme__PRAD_Tumor__HMBS_vs_UROS.pdf
Supplemental_pancancer_chromatin_heme,5B,focused_within_heme,PPOX,FECH,PRAD_Tumor,-0.25,2.4e-08,ok,gepia_results_phase5/5B__focused_within_heme__PRAD_Tumor__PPOX_vs_FECH.pdf
Supplemental_pancancer_chromatin_heme,5B,focused_within_heme,UROD,CPOX,PRAD_Tumor,-0.071,0.11,ok,gepia_results_phase5/5B__focused_within_heme__PRAD_Tumor__UROD_vs_CPOX.pdf
Supplemental_pancancer_chromatin_heme,5B,focused_within_heme,UROS,UROD,PRAD_Tumor,0.27,1.5e-09,ok,gepia_results_phase5/5B__focused_within_heme__PRAD_Tumor__UROS_vs_UROD.pdf
Supplemental_pancancer_chromatin_heme,5B,focused_within_heme,ALAD,HMBS,STAD_Tumor,-0.079,0.11,ok,gepia_results_phase5/5B__focused_within_heme__STAD_Tumor__ALAD_vs_HMBS.pdf
Supplemental_pancancer_chromatin_heme,5B,focused_within_heme,ALAS1,ALAD,STAD_Tumor,-0.0077,0.88,ok,gepia_results_phase5/5B__focused_within_heme__STAD_Tumor__ALAS1_vs_ALAD.pdf
Supplemental_pancancer_chromatin_heme,5B,focused_within_heme,CPOX,PPOX,STAD_Tumor,0.19,0.00017,ok,gepia_results_phase5/5B__focused_within_heme__STAD_Tumor__CPOX_vs_PPOX.pdf
Supplemental_pancancer_chromatin_heme,5B,focused_within_heme,HMBS,UROS,STAD_Tumor,0.2,4.1e-05,ok,gepia_results_phase5/5B__focused_within_heme__STAD_Tumor__HMBS_vs_UROS.pdf
Supplemental_pancancer_chromatin_heme,5B,focused_within_heme,PPOX,FECH,STAD_Tumor,-0.01,0.84,ok,gepia_results_phase5/5B__focused_within_heme__STAD_Tumor__PPOX_vs_FECH.pdf
Supplemental_pancancer_chromatin_heme,5B,focused_within_heme,UROD,CPOX,STAD_Tumor,0.1,0.034,ok,gepia_results_phase5/5B__focused_within_heme__STAD_Tumor__UROD_vs_CPOX.pdf
Supplemental_pancancer_chromatin_heme,5B,focused_within_heme,UROS,UROD,STAD_Tumor,0.3,1.1e-09,ok,gepia_results_phase5/5B__focused_within_heme__STAD_Tumor__UROS_vs_UROD.pdf
Supplemental_pancancer_chromatin_heme,5B,focused_within_heme,ALAD,HMBS,THCA_Tumor,0.13,0.0031,ok,gepia_results_phase5/5B__focused_within_heme__THCA_Tumor__ALAD_vs_HMBS.pdf
Supplemental_pancancer_chromatin_heme,5B,focused_within_heme,ALAS1,ALAD,THCA_Tumor,0.25,5.1e-09,ok,gepia_results_phase5/5B__focused_within_heme__THCA_Tumor__ALAS1_vs_ALAD.pdf
Supplemental_pancancer_chromatin_heme,5B,focused_within_heme,CPOX,PPOX,THCA_Tumor,0.27,4.6e-10,ok,gepia_results_phase5/5B__focused_within_heme__THCA_Tumor__CPOX_vs_PPOX.pdf
Supplemental_pancancer_chromatin_heme,5B,focused_within_heme,HMBS,UROS,THCA_Tumor,0.52,3.4e-36,ok,gepia_results_phase5/5B__focused_within_heme__THCA_Tumor__HMBS_vs_UROS.pdf
Supplemental_pancancer_chromatin_heme,5B,focused_within_heme,PPOX,FECH,THCA_Tumor,-0.11,0.016,ok,gepia_results_phase5/5B__focused_within_heme__THCA_Tumor__PPOX_vs_FECH.pdf
Supplemental_pancancer_chromatin_heme,5B,focused_within_heme,UROD,CPOX,THCA_Tumor,0.22,6.3e-07,ok,gepia_results_phase5/5B__focused_within_heme__THCA_Tumor__UROD_vs_CPOX.pdf
Supplemental_pancancer_chromatin_heme,5B,focused_within_heme,UROS,UROD,THCA_Tumor,0.64,3.3e-61,ok,gepia_results_phase5/5B__focused_within_heme__THCA_Tumor__UROS_vs_UROD.pdf
Supplemental_pancancer_chromatin_heme,5C,focused_confound_hmbs,HDAC1,HMBS,BRCA_Tumor,0.072,0.018,ok,gepia_results_phase5/5C__focused_confound_hmbs__BRCA_Tumor__HDAC1_vs_HMBS.pdf
Supplemental_pancancer_chromatin_heme,5C,focused_confound_hmbs,MKI67,HMBS,BRCA_Tumor,0.22,3.2e-13,ok,gepia_results_phase5/5C__focused_confound_hmbs__BRCA_Tumor__MKI67_vs_HMBS.pdf
Supplemental_pancancer_chromatin_heme,5C,focused_confound_hmbs,HDAC1,HMBS,COAD_Tumor,0.21,0.00058,ok,gepia_results_phase5/5C__focused_confound_hmbs__COAD_Tumor__HDAC1_vs_HMBS.pdf
Supplemental_pancancer_chromatin_heme,5C,focused_confound_hmbs,MKI67,HMBS,COAD_Tumor,0.32,7.7e-08,ok,gepia_results_phase5/5C__focused_confound_hmbs__COAD_Tumor__MKI67_vs_HMBS.pdf
Supplemental_pancancer_chromatin_heme,5C,focused_confound_hmbs,HDAC1,HMBS,HNSC_Tumor,0.0031,0.94,ok,gepia_results_phase5/5C__focused_confound_hmbs__HNSC_Tumor__HDAC1_vs_HMBS.pdf
Supplemental_pancancer_chromatin_heme,5C,focused_confound_hmbs,MKI67,HMBS,HNSC_Tumor,0.085,0.052,ok,gepia_results_phase5/5C__focused_confound_hmbs__HNSC_Tumor__MKI67_vs_HMBS.pdf
Supplemental_pancancer_chromatin_heme,5C,focused_confound_hmbs,HDAC1,HMBS,KICH_Tumor,0.4,0.00084,ok,gepia_results_phase5/5C__focused_confound_hmbs__KICH_Tumor__HDAC1_vs_HMBS.pdf
Supplemental_pancancer_chromatin_heme,5C,focused_confound_hmbs,MKI67,HMBS,KICH_Tumor,0.21,0.093,ok,gepia_results_phase5/5C__focused_confound_hmbs__KICH_Tumor__MKI67_vs_HMBS.pdf
Supplemental_pancancer_chromatin_heme,5C,focused_confound_hmbs,HDAC1,HMBS,KIRC_Tumor,-0.16,0.0002,ok,gepia_results_phase5/5C__focused_confound_hmbs__KIRC_Tumor__HDAC1_vs_HMBS.pdf
Supplemental_pancancer_chromatin_heme,5C,focused_confound_hmbs,MKI67,HMBS,KIRC_Tumor,0.23,8.4e-08,ok,gepia_results_phase5/5C__focused_confound_hmbs__KIRC_Tumor__MKI67_vs_HMBS.pdf
Supplemental_pancancer_chromatin_heme,5C,focused_confound_hmbs,HDAC1,HMBS,KIRP_Tumor,0.19,0.00097,ok,gepia_results_phase5/5C__focused_confound_hmbs__KIRP_Tumor__HDAC1_vs_HMBS.pdf
Supplemental_pancancer_chromatin_heme,5C,focused_confound_hmbs,MKI67,HMBS,KIRP_Tumor,-0.047,0.43,ok,gepia_results_phase5/5C__focused_confound_hmbs__KIRP_Tumor__MKI67_vs_HMBS.pdf
Supplemental_pancancer_chromatin_heme,5C,focused_confound_hmbs,HDAC1,HMBS,LIHC_Tumor,0.25,1.2e-06,ok,gepia_results_phase5/5C__focused_confound_hmbs__LIHC_Tumor__HDAC1_vs_HMBS.pdf
Supplemental_pancancer_chromatin_heme,5C,focused_confound_hmbs,MKI67,HMBS,LIHC_Tumor,0.32,1.7e-10,ok,gepia_results_phase5/5C__focused_confound_hmbs__LIHC_Tumor__MKI67_vs_HMBS.pdf
Supplemental_pancancer_chromatin_heme,5C,focused_confound_hmbs,HDAC1,HMBS,LUAD_Tumor,0.12,0.01,ok,gepia_results_phase5/5C__focused_confound_hmbs__LUAD_Tumor__HDAC1_vs_HMBS.pdf
Supplemental_pancancer_chromatin_heme,5C,focused_confound_hmbs,MKI67,HMBS,LUAD_Tumor,0.26,7.1e-09,ok,gepia_results_phase5/5C__focused_confound_hmbs__LUAD_Tumor__MKI67_vs_HMBS.pdf
Supplemental_pancancer_chromatin_heme,5C,focused_confound_hmbs,HDAC1,HMBS,LUSC_Tumor,0.074,0.1,ok,gepia_results_phase5/5C__focused_confound_hmbs__LUSC_Tumor__HDAC1_vs_HMBS.pdf
Supplemental_pancancer_chromatin_heme,5C,focused_confound_hmbs,MKI67,HMBS,LUSC_Tumor,0.17,0.00013,ok,gepia_results_phase5/5C__focused_confound_hmbs__LUSC_Tumor__MKI67_vs_HMBS.pdf
Supplemental_pancancer_chromatin_heme,5C,focused_confound_hmbs,HDAC1,HMBS,PRAD_Tumor,-0.088,0.051,ok,gepia_results_phase5/5C__focused_confound_hmbs__PRAD_Tumor__HDAC1_vs_HMBS.pdf
Supplemental_pancancer_chromatin_heme,5C,focused_confound_hmbs,MKI67,HMBS,PRAD_Tumor,0.076,0.092,ok,gepia_results_phase5/5C__focused_confound_hmbs__PRAD_Tumor__MKI67_vs_HMBS.pdf
Supplemental_pancancer_chromatin_heme,5C,focused_confound_hmbs,HDAC1,HMBS,STAD_Tumor,0.49,1.8e-25,ok,gepia_results_phase5/5C__focused_confound_hmbs__STAD_Tumor__HDAC1_vs_HMBS.pdf
Supplemental_pancancer_chromatin_heme,5C,focused_confound_hmbs,MKI67,HMBS,STAD_Tumor,0.52,1.0000000000000001e-29,ok,gepia_results_phase5/5C__focused_confound_hmbs__STAD_Tumor__MKI67_vs_HMBS.pdf
Supplemental_pancancer_chromatin_heme,5C,focused_confound_hmbs,HDAC1,HMBS,THCA_Tumor,0.49,7.3e-33,ok,gepia_results_phase5/5C__focused_confound_hmbs__THCA_Tumor__HDAC1_vs_HMBS.pdf
Supplemental_pancancer_chromatin_heme,5C,focused_confound_hmbs,MKI67,HMBS,THCA_Tumor,-0.17,0.00013,ok,gepia_results_phase5/5C__focused_confound_hmbs__THCA_Tumor__MKI67_vs_HMBS.pdf
